insert into OPERADORES (ID, CAPACIDAD, NOMBRE, TELEFONO, DIRECCION, ESTRELLAS, RUT, HABDISPONIBLES, HABOCUPADAS, HORACIERRE, HORAAPERTURA, CEDULA, EDAD, TIPO) values (1, 6, 'Theo', '958 998 7507', '369 Bashford Alley', 5, '7020668135', 3, 2, null, null, null, null, 'hotel');
insert into OPERADORES (ID, CAPACIDAD, NOMBRE, TELEFONO, DIRECCION, ESTRELLAS, RUT, HABDISPONIBLES, HABOCUPADAS, HORACIERRE, HORAAPERTURA, CEDULA, EDAD, TIPO) values (2, 6, 'Max', '605 414 0365', '66107 Oneill Drive', 1, '9912218817', 10, 10, null, null, null, null, 'hotel');
insert into OPERADORES (ID, CAPACIDAD, NOMBRE, TELEFONO, DIRECCION, ESTRELLAS, RUT, HABDISPONIBLES, HABOCUPADAS, HORACIERRE, HORAAPERTURA, CEDULA, EDAD, TIPO) values (3, 1, 'Davon', '343 285 7516', '192 Anderson Road', 3, '7627143497', 15, 6, null, null, null, null, 'hotel');
insert into OPERADORES (ID, CAPACIDAD, NOMBRE, TELEFONO, DIRECCION, ESTRELLAS, RUT, HABDISPONIBLES, HABOCUPADAS, HORACIERRE, HORAAPERTURA, CEDULA, EDAD, TIPO) values (4, 5, 'Cicely', '659 810 4842', '297 David Road', 3, '2493259777', 6, 1, null, null, null, null, 'hotel');
insert into OPERADORES (ID, CAPACIDAD, NOMBRE, TELEFONO, DIRECCION, ESTRELLAS, RUT, HABDISPONIBLES, HABOCUPADAS, HORACIERRE, HORAAPERTURA, CEDULA, EDAD, TIPO) values (5, 1, 'Scarface', '980 579 0542', '46 Hoepker Circle', 1, '3255010209', 14, 10, null, null, null, null, 'hotel');
insert into OPERADORES (ID, CAPACIDAD, NOMBRE, TELEFONO, DIRECCION, ESTRELLAS, RUT, HABDISPONIBLES, HABOCUPADAS, HORACIERRE, HORAAPERTURA, CEDULA, EDAD, TIPO) values (6, 5, 'Stern', '971 793 5093', '92236 Waywood Terrace', 1, '2357985798', 17, 3, null, null, null, null, 'hotel');
insert into OPERADORES (ID, CAPACIDAD, NOMBRE, TELEFONO, DIRECCION, ESTRELLAS, RUT, HABDISPONIBLES, HABOCUPADAS, HORACIERRE, HORAAPERTURA, CEDULA, EDAD, TIPO) values (7, 6, 'Ase', '725 740 2022', '252 Ohio Circle', 4, '2518076778', 12, 1, null, null, null, null, 'hotel');
insert into OPERADORES (ID, CAPACIDAD, NOMBRE, TELEFONO, DIRECCION, ESTRELLAS, RUT, HABDISPONIBLES, HABOCUPADAS, HORACIERRE, HORAAPERTURA, CEDULA, EDAD, TIPO) values (8, 2, 'Bradley', '734 473 1128', '07 Melrose Lane', 1, '8126895039', 19, 10, null, null, null, null, 'hotel');
insert into OPERADORES (ID, CAPACIDAD, NOMBRE, TELEFONO, DIRECCION, ESTRELLAS, RUT, HABDISPONIBLES, HABOCUPADAS, HORACIERRE, HORAAPERTURA, CEDULA, EDAD, TIPO) values (9, 4, 'Tannie', '524 437 7439', '1 Dayton Lane', 3, '8456461113', 3, 9, null, null, null, null, 'hotel');
insert into OPERADORES (ID, CAPACIDAD, NOMBRE, TELEFONO, DIRECCION, ESTRELLAS, RUT, HABDISPONIBLES, HABOCUPADAS, HORACIERRE, HORAAPERTURA, CEDULA, EDAD, TIPO) values (10, 3, 'Brion', '615 269 8054', '62 Spohn Junction', 3, '5689349305', 11, 1, null, null, null, null, 'hotel');


insert into OPERADORES (ID, CAPACIDAD, NOMBRE, TELEFONO, DIRECCION, ESTRELLAS, RUT, HABDISPONIBLES, HABOCUPADAS, HORACIERRE, HORAAPERTURA, CEDULA, EDAD, TIPO) values (11, 5, 'Frederich', '266 104 1486', '3067 Monterey Road', null, '7344879697', 10, 8, 22, 8, null, null, 'hostal');
insert into OPERADORES (ID, CAPACIDAD, NOMBRE, TELEFONO, DIRECCION, ESTRELLAS, RUT, HABDISPONIBLES, HABOCUPADAS, HORACIERRE, HORAAPERTURA, CEDULA, EDAD, TIPO) values (12, 3, 'Cherrita', '472 721 3013', '6333 Packers Parkway', null, '6876072045', 6, 7, 17, 7, null, null, 'hostal');
insert into OPERADORES (ID, CAPACIDAD, NOMBRE, TELEFONO, DIRECCION, ESTRELLAS, RUT, HABDISPONIBLES, HABOCUPADAS, HORACIERRE, HORAAPERTURA, CEDULA, EDAD, TIPO) values (13, 2, 'Merrielle', '445 710 6611', '1 Pearson Lane', null, '2235525288', 7, 3, 18, 8, null, null, 'hostal');
insert into OPERADORES (ID, CAPACIDAD, NOMBRE, TELEFONO, DIRECCION, ESTRELLAS, RUT, HABDISPONIBLES, HABOCUPADAS, HORACIERRE, HORAAPERTURA, CEDULA, EDAD, TIPO) values (14, 5, 'Jena', '667 446 3994', '70059 Pepper Wood Drive', null, '4699664202', 2, 10, 20, 7, null, null, 'hostal');
insert into OPERADORES (ID, CAPACIDAD, NOMBRE, TELEFONO, DIRECCION, ESTRELLAS, RUT, HABDISPONIBLES, HABOCUPADAS, HORACIERRE, HORAAPERTURA, CEDULA, EDAD, TIPO) values (15, 4, 'Bren', '664 905 8848', '18546 Atwood Road', null, '6115044448', 18, 7, 19, 6, null, null, 'hostal');
insert into OPERADORES (ID, CAPACIDAD, NOMBRE, TELEFONO, DIRECCION, ESTRELLAS, RUT, HABDISPONIBLES, HABOCUPADAS, HORACIERRE, HORAAPERTURA, CEDULA, EDAD, TIPO) values (16, 3, 'Mil', '155 207 2829', '8 Ludington Circle', null, '7655810869', 3, 9, 16, 6, null, null, 'hostal');
insert into OPERADORES (ID, CAPACIDAD, NOMBRE, TELEFONO, DIRECCION, ESTRELLAS, RUT, HABDISPONIBLES, HABOCUPADAS, HORACIERRE, HORAAPERTURA, CEDULA, EDAD, TIPO) values (17, 4, 'Tonia', '416 913 6213', '48445 Kings Parkway', null, '9783229451', 2, 5, 20, 7, null, null, 'hostal');
insert into OPERADORES (ID, CAPACIDAD, NOMBRE, TELEFONO, DIRECCION, ESTRELLAS, RUT, HABDISPONIBLES, HABOCUPADAS, HORACIERRE, HORAAPERTURA, CEDULA, EDAD, TIPO) values (18, 1, 'Matthiew', '698 577 4582', '6783 Starling Crossing', null, '8830381535', 9, 8, 21, 5, null, null, 'hostal');
insert into OPERADORES (ID, CAPACIDAD, NOMBRE, TELEFONO, DIRECCION, ESTRELLAS, RUT, HABDISPONIBLES, HABOCUPADAS, HORACIERRE, HORAAPERTURA, CEDULA, EDAD, TIPO) values (19, 1, 'Herold', '103 751 1013', '13 Bluestem Circle', null, '5257709937', 15, 10, 22, 6, null, null, 'hostal');
insert into OPERADORES (ID, CAPACIDAD, NOMBRE, TELEFONO, DIRECCION, ESTRELLAS, RUT, HABDISPONIBLES, HABOCUPADAS, HORACIERRE, HORAAPERTURA, CEDULA, EDAD, TIPO) values (20, 2, 'Hadria', '435 603 2710', '41 Troy Lane', null, '7012049464', 11, 2, 17, 8, null, null, 'hostal');
insert into OPERADORES (ID, CAPACIDAD, NOMBRE, TELEFONO, DIRECCION, ESTRELLAS, RUT, HABDISPONIBLES, HABOCUPADAS, HORACIERRE, HORAAPERTURA, CEDULA, EDAD, TIPO) values (21, 6, 'Konstantin', '500 842 8207', '2 Ridgeway Place', null, '9446445620', 12, 4, 20, 8, null, null, 'hostal');
insert into OPERADORES (ID, CAPACIDAD, NOMBRE, TELEFONO, DIRECCION, ESTRELLAS, RUT, HABDISPONIBLES, HABOCUPADAS, HORACIERRE, HORAAPERTURA, CEDULA, EDAD, TIPO) values (22, 1, 'Kathleen', '428 232 1120', '1 Tennyson Center', null, '2488187844', 14, 10, 16, 5, null, null, 'hostal');


insert into OPERADORES (ID, CAPACIDAD, NOMBRE, TELEFONO, DIRECCION, HABDISPONIBLES, HABOCUPADAS, HORACIERRE, HORAAPERTURA, CEDULA, EDAD, TIPO) values (23, 1, 'CityU', '260 220 4088', '50 Division Way', 50, 154, null, null, null, null, 'vivuni');



insert into OPERADORES (ID, CAPACIDAD, NOMBRE, TELEFONO, DIRECCION, ESTRELLAS, RUT, HABDISPONIBLES, HABOCUPADAS, HORACIERRE, HORAAPERTURA, CEDULA, EDAD, TIPO) values (24, 2, 'Iskov', '132 238 0896', '4520 Jenna Crossing', null, null, null, null, null, null, '1888331550', 25, 'pernat');
insert into OPERADORES (ID, CAPACIDAD, NOMBRE, TELEFONO, DIRECCION, ESTRELLAS, RUT, HABDISPONIBLES, HABOCUPADAS, HORACIERRE, HORAAPERTURA, CEDULA, EDAD, TIPO) values (25, 3, 'Fearnall', '641 866 1415', '81683 Oakridge Point', null, null, null, null, null, null, '3074743255', 26, 'pernat');
insert into OPERADORES (ID, CAPACIDAD, NOMBRE, TELEFONO, DIRECCION, ESTRELLAS, RUT, HABDISPONIBLES, HABOCUPADAS, HORACIERRE, HORAAPERTURA, CEDULA, EDAD, TIPO) values (26, 2, 'Pluthero', '339 761 8106', '1 Fulton Street', null, null, null, null, null, null, '7533053192', 45, 'pernat');
insert into OPERADORES (ID, CAPACIDAD, NOMBRE, TELEFONO, DIRECCION, ESTRELLAS, RUT, HABDISPONIBLES, HABOCUPADAS, HORACIERRE, HORAAPERTURA, CEDULA, EDAD, TIPO) values (27, 1, 'Snelgrove', '744 279 8252', '887 Manley Alley', null, null, null, null, null, null, '7869332453', 42, 'pernat');
insert into OPERADORES (ID, CAPACIDAD, NOMBRE, TELEFONO, DIRECCION, ESTRELLAS, RUT, HABDISPONIBLES, HABOCUPADAS, HORACIERRE, HORAAPERTURA, CEDULA, EDAD, TIPO) values (28, 3, 'Martusewicz', '860 245 2758', '1 Birchwood Drive', null, null, null, null, null, null, '5735806491', 37, 'pernat');
insert into OPERADORES (ID, CAPACIDAD, NOMBRE, TELEFONO, DIRECCION, ESTRELLAS, RUT, HABDISPONIBLES, HABOCUPADAS, HORACIERRE, HORAAPERTURA, CEDULA, EDAD, TIPO) values (29, 4, 'Blackhall', '426 450 7984', '440 Village Green Lane', null, null, null, null, null, null, '3676946693', 30, 'pernat');
insert into OPERADORES (ID, CAPACIDAD, NOMBRE, TELEFONO, DIRECCION, ESTRELLAS, RUT, HABDISPONIBLES, HABOCUPADAS, HORACIERRE, HORAAPERTURA, CEDULA, EDAD, TIPO) values (30, 4, 'Langmaid', '725 976 3387', '0250 Logan Court', null, null, null, null, null, null, '4424833569', 48, 'pernat');
insert into OPERADORES (ID, CAPACIDAD, NOMBRE, TELEFONO, DIRECCION, ESTRELLAS, RUT, HABDISPONIBLES, HABOCUPADAS, HORACIERRE, HORAAPERTURA, CEDULA, EDAD, TIPO) values (31, 3, 'Marini', '892 211 9001', '318 Merchant Crossing', null, null, null, null, null, null, '4078508502', 38, 'percom');
insert into OPERADORES (ID, CAPACIDAD, NOMBRE, TELEFONO, DIRECCION, ESTRELLAS, RUT, HABDISPONIBLES, HABOCUPADAS, HORACIERRE, HORAAPERTURA, CEDULA, EDAD, TIPO) values (32, 3, 'Brandone', '339 798 7720', '9420 Westport Center', null, null, null, null, null, null, '7417743218', 25, 'percom');
insert into OPERADORES (ID, CAPACIDAD, NOMBRE, TELEFONO, DIRECCION, ESTRELLAS, RUT, HABDISPONIBLES, HABOCUPADAS, HORACIERRE, HORAAPERTURA, CEDULA, EDAD, TIPO) values (33, 3, 'Amner', '132 125 1744', '18143 Elgar Plaza', null, null, null, null, null, null, '0001339745', 20, 'percom');
insert into OPERADORES (ID, CAPACIDAD, NOMBRE, TELEFONO, DIRECCION, ESTRELLAS, RUT, HABDISPONIBLES, HABOCUPADAS, HORACIERRE, HORAAPERTURA, CEDULA, EDAD, TIPO) values (34, 2, 'Duprey', '302 619 7701', '71320 Tennyson Point', null, null, null, null, null, null, '5294055961', 49, 'percom');
insert into OPERADORES (ID, CAPACIDAD, NOMBRE, TELEFONO, DIRECCION, ESTRELLAS, RUT, HABDISPONIBLES, HABOCUPADAS, HORACIERRE, HORAAPERTURA, CEDULA, EDAD, TIPO) values (35, 2, 'Dasent', '371 672 1252', '2332 Utah Street', null, null, null, null, null, null, '3135127176', 48, 'percom');
insert into OPERADORES (ID, CAPACIDAD, NOMBRE, TELEFONO, DIRECCION, ESTRELLAS, RUT, HABDISPONIBLES, HABOCUPADAS, HORACIERRE, HORAAPERTURA, CEDULA, EDAD, TIPO) values (36, 1, 'Rohlfing', '517 628 6071', '64963 Toban Pass', null, null, null, null, null, null, '3624604732', 38, 'percom');
insert into OPERADORES (ID, CAPACIDAD, NOMBRE, TELEFONO, DIRECCION, ESTRELLAS, RUT, HABDISPONIBLES, HABOCUPADAS, HORACIERRE, HORAAPERTURA, CEDULA, EDAD, TIPO) values (37, 2, 'Holme', '571 610 7501', '60 Acker Court', null, null, null, null, null, null, '2892722756', 27, 'percom');
insert into OPERADORES (ID, CAPACIDAD, NOMBRE, TELEFONO, DIRECCION, ESTRELLAS, RUT, HABDISPONIBLES, HABOCUPADAS, HORACIERRE, HORAAPERTURA, CEDULA, EDAD, TIPO) values (38, 1, 'Ridsdole', '305 453 3128', '2 Vahlen Way', null, null, null, null, null, null, '3113936578', 32, 'percom');
insert into OPERADORES (ID, CAPACIDAD, NOMBRE, TELEFONO, DIRECCION, ESTRELLAS, RUT, HABDISPONIBLES, HABOCUPADAS, HORACIERRE, HORAAPERTURA, CEDULA, EDAD, TIPO) values (39, 4, 'Sterrie', '758 534 6658', '68754 Swallow Pass', null, null, null, null, null, null, '5090074933', 25, 'percom');
insert into OPERADORES (ID, CAPACIDAD, NOMBRE, TELEFONO, DIRECCION, ESTRELLAS, RUT, HABDISPONIBLES, HABOCUPADAS, HORACIERRE, HORAAPERTURA, CEDULA, EDAD, TIPO) values (40, 2, 'O''Gaven', '965 737 1317', '305 Springs Point', null, null, null, null, null, null, '1769387943', 23, 'percom');


select * from ofertas ;

insert into ALOJAMIENTOS (ID, CAPACIDAD, TAMANIO, MENAJE, AMOBLADO, NUMHABITACIONES, DIRECCION, DIASUSO, CATEGORIA, COMPARTIDA, NUMEROHAB, OPERADOR, TIPO) values (1, 6, 4, null, null, null, '7828 Loftsgordon Street', null, 'suite', null, 56, 7, 'habhot');
insert into ALOJAMIENTOS (ID, CAPACIDAD, TAMANIO, MENAJE, AMOBLADO, NUMHABITACIONES, DIRECCION, DIASUSO, CATEGORIA, COMPARTIDA, NUMEROHAB, OPERADOR, TIPO) values (2, 6, 44, null, null, null, '51 Troy Circle', null, 'semisuite', null, 30, 8, 'habhot');
insert into ALOJAMIENTOS (ID, CAPACIDAD, TAMANIO, MENAJE, AMOBLADO, NUMHABITACIONES, DIRECCION, DIASUSO, CATEGORIA, COMPARTIDA, NUMEROHAB, OPERADOR, TIPO) values (3, 2, 16, null, null, null, '989 Michigan Place', null, 'estandar', null, 5, 4, 'habhot');
insert into ALOJAMIENTOS (ID, CAPACIDAD, TAMANIO, MENAJE, AMOBLADO, NUMHABITACIONES, DIRECCION, DIASUSO, CATEGORIA, COMPARTIDA, NUMEROHAB, OPERADOR, TIPO) values (4, 6, 28, null, null, null, '8200 Anderson Plaza', null, 'estandar', null, 40, 4, 'habhot');
insert into ALOJAMIENTOS (ID, CAPACIDAD, TAMANIO, MENAJE, AMOBLADO, NUMHABITACIONES, DIRECCION, DIASUSO, CATEGORIA, COMPARTIDA, NUMEROHAB, OPERADOR, TIPO) values (5, 4, 16, null, null, null, '77 Dovetail Drive', null, 'semisuite', null, 45, 5, 'habhot');
insert into ALOJAMIENTOS (ID, CAPACIDAD, TAMANIO, MENAJE, AMOBLADO, NUMHABITACIONES, DIRECCION, DIASUSO, CATEGORIA, COMPARTIDA, NUMEROHAB, OPERADOR, TIPO) values (6, 3, 15, null, null, null, '544 Onsgard Court', null, 'suite', null, 41, 5, 'habhot');
insert into ALOJAMIENTOS (ID, CAPACIDAD, TAMANIO, MENAJE, AMOBLADO, NUMHABITACIONES, DIRECCION, DIASUSO, CATEGORIA, COMPARTIDA, NUMEROHAB, OPERADOR, TIPO) values (7, 4, 15, null, null, null, '376 Lerdahl Street', null, 'estandar', null, 35, 8, 'habhot');
insert into ALOJAMIENTOS (ID, CAPACIDAD, TAMANIO, MENAJE, AMOBLADO, NUMHABITACIONES, DIRECCION, DIASUSO, CATEGORIA, COMPARTIDA, NUMEROHAB, OPERADOR, TIPO) values (8, 4, 7, null, null, null, '15150 Troy Junction', null, 'estandar', null, 39, 8, 'habhot');
insert into ALOJAMIENTOS (ID, CAPACIDAD, TAMANIO, MENAJE, AMOBLADO, NUMHABITACIONES, DIRECCION, DIASUSO, CATEGORIA, COMPARTIDA, NUMEROHAB, OPERADOR, TIPO) values (9, 4, 19, null, null, null, '863 Reinke Junction', null, 'suite', null, 66, 9, 'habhot');
insert into ALOJAMIENTOS (ID, CAPACIDAD, TAMANIO, MENAJE, AMOBLADO, NUMHABITACIONES, DIRECCION, DIASUSO, CATEGORIA, COMPARTIDA, NUMEROHAB, OPERADOR, TIPO) values (10, 2, 23, null, null, null, '591 Monica Park', null, 'estandar', null, 2, 7, 'habhot');
insert into ALOJAMIENTOS (ID, CAPACIDAD, TAMANIO, MENAJE, AMOBLADO, NUMHABITACIONES, DIRECCION, DIASUSO, CATEGORIA, COMPARTIDA, NUMEROHAB, OPERADOR, TIPO) values (11, 4, 41, null, null, null, '68877 Gulseth Lane', null, 'suite', 0, 14, 7, 'habhot');
insert into ALOJAMIENTOS (ID, CAPACIDAD, TAMANIO, MENAJE, AMOBLADO, NUMHABITACIONES, DIRECCION, DIASUSO, CATEGORIA, COMPARTIDA, NUMEROHAB, OPERADOR, TIPO) values (12, 1, 27, null, null, null, '1 Lien Road', null, 'estandar', 1, 15, 7, 'habhot');
insert into ALOJAMIENTOS (ID, CAPACIDAD, TAMANIO, MENAJE, AMOBLADO, NUMHABITACIONES, DIRECCION, DIASUSO, CATEGORIA, COMPARTIDA, NUMEROHAB, OPERADOR, TIPO) values (13, 3, 25, null, null, null, '24759 Bluejay Street', null, 'suite', 1, 8, 4, 'habhot');
insert into ALOJAMIENTOS (ID, CAPACIDAD, TAMANIO, MENAJE, AMOBLADO, NUMHABITACIONES, DIRECCION, DIASUSO, CATEGORIA, COMPARTIDA, NUMEROHAB, OPERADOR, TIPO) values (14, 5, 3, null, null, null, '3151 Clemons Way', null, 'estandar', 0, 13, 7, 'habhot');
insert into ALOJAMIENTOS (ID, CAPACIDAD, TAMANIO, MENAJE, AMOBLADO, NUMHABITACIONES, DIRECCION, DIASUSO, CATEGORIA, COMPARTIDA, NUMEROHAB, OPERADOR, TIPO) values (15, 1, 29, null, null, null, '06761 Fuller Trail', null, 'suite', 1, 19, 10, 'habhot');
insert into ALOJAMIENTOS (ID, CAPACIDAD, TAMANIO, MENAJE, AMOBLADO, NUMHABITACIONES, DIRECCION, DIASUSO, CATEGORIA, COMPARTIDA, NUMEROHAB, OPERADOR, TIPO) values (16, 4, 24, null, null, null, '06 Karstens Crossing', null, 'estandar', 1, 17, 10, 'habhot');
insert into ALOJAMIENTOS (ID, CAPACIDAD, TAMANIO, MENAJE, AMOBLADO, NUMHABITACIONES, DIRECCION, DIASUSO, CATEGORIA, COMPARTIDA, NUMEROHAB, OPERADOR, TIPO) values (17, 5, 35, null, null, null, '49 Melrose Parkway', null, 'estandar', 1, 8, 5, 'habhot');
insert into ALOJAMIENTOS (ID, CAPACIDAD, TAMANIO, MENAJE, AMOBLADO, NUMHABITACIONES, DIRECCION, DIASUSO, CATEGORIA, COMPARTIDA, NUMEROHAB, OPERADOR, TIPO) values (18, 6, 15, null, null, null, '4882 Ridgeway Terrace', null, 'suite', 0, 7, 7, 'habhot');
insert into ALOJAMIENTOS (ID, CAPACIDAD, TAMANIO, MENAJE, AMOBLADO, NUMHABITACIONES, DIRECCION, DIASUSO, CATEGORIA, COMPARTIDA, NUMEROHAB, OPERADOR, TIPO) values (19, 5, 22, null, null, null, '013 Laurel Avenue', null, 'suite', 0, 14, 8, 'habhot');
insert into ALOJAMIENTOS (ID, CAPACIDAD, TAMANIO, MENAJE, AMOBLADO, NUMHABITACIONES, DIRECCION, DIASUSO, CATEGORIA, COMPARTIDA, NUMEROHAB, OPERADOR, TIPO) values (20, 2, 17, null, null, null, '3498 Clove Drive', null, 'estandar', 1, 5, 2, 'habhot');
insert into ALOJAMIENTOS (ID, CAPACIDAD, TAMANIO, MENAJE, AMOBLADO, NUMHABITACIONES, DIRECCION, DIASUSO, CATEGORIA, COMPARTIDA, NUMEROHAB, OPERADOR, TIPO) values (21, 4, 23, null, null, null, '3 Butternut Circle', null, 'suite', 0, 11, 5, 'habhot');
insert into ALOJAMIENTOS (ID, CAPACIDAD, TAMANIO, MENAJE, AMOBLADO, NUMHABITACIONES, DIRECCION, DIASUSO, CATEGORIA, COMPARTIDA, NUMEROHAB, OPERADOR, TIPO) values (22, 1, 29, null, null, null, '65 Vidon Court', null, 'estandar', 0, 6, 4, 'habhot');
insert into ALOJAMIENTOS (ID, CAPACIDAD, TAMANIO, MENAJE, AMOBLADO, NUMHABITACIONES, DIRECCION, DIASUSO, CATEGORIA, COMPARTIDA, NUMEROHAB, OPERADOR, TIPO) values (23, 1, 28, null, null, null, '95 Lotheville Trail', null, 'suite', 1, 18, 6, 'habhot');
insert into ALOJAMIENTOS (ID, CAPACIDAD, TAMANIO, MENAJE, AMOBLADO, NUMHABITACIONES, DIRECCION, DIASUSO, CATEGORIA, COMPARTIDA, NUMEROHAB, OPERADOR, TIPO) values (24, 1, 2, null, null, null, '20804 Pankratz Trail', null, 'semisuite', 1, 12, 1, 'habhot');
insert into ALOJAMIENTOS (ID, CAPACIDAD, TAMANIO, MENAJE, AMOBLADO, NUMHABITACIONES, DIRECCION, DIASUSO, CATEGORIA, COMPARTIDA, NUMEROHAB, OPERADOR, TIPO) values (25, 2, 4, null, null, null, '251 American Lane', null, 'estandar', 0, 12, 8, 'habhot');
insert into ALOJAMIENTOS (ID, CAPACIDAD, TAMANIO, MENAJE, AMOBLADO, NUMHABITACIONES, DIRECCION, DIASUSO, CATEGORIA, COMPARTIDA, NUMEROHAB, OPERADOR, TIPO) values (26, 4, 22, null, null, null, '8 Algoma Terrace', null, 'semisuite', 1, 7, 8, 'habhot');
insert into ALOJAMIENTOS (ID, CAPACIDAD, TAMANIO, MENAJE, AMOBLADO, NUMHABITACIONES, DIRECCION, DIASUSO, CATEGORIA, COMPARTIDA, NUMEROHAB, OPERADOR, TIPO) values (27, 2, 31, null, null, null, '958 Ryan Alley', null, 'estandar', 1, 6, 6, 'habhot');
insert into ALOJAMIENTOS (ID, CAPACIDAD, TAMANIO, MENAJE, AMOBLADO, NUMHABITACIONES, DIRECCION, DIASUSO, CATEGORIA, COMPARTIDA, NUMEROHAB, OPERADOR, TIPO) values (28, 3, 28, null, null, null, '61981 Glendale Way', null, 'semisuite', 1, 10, 7, 'habhot');
insert into ALOJAMIENTOS (ID, CAPACIDAD, TAMANIO, MENAJE, AMOBLADO, NUMHABITACIONES, DIRECCION, DIASUSO, CATEGORIA, COMPARTIDA, NUMEROHAB, OPERADOR, TIPO) values (29, 6, 60, null, null, null, '10 Forest Circle', null, 'estandar', 1, 20, 7, 'habhot');
insert into ALOJAMIENTOS (ID, CAPACIDAD, TAMANIO, MENAJE, AMOBLADO, NUMHABITACIONES, DIRECCION, DIASUSO, CATEGORIA, COMPARTIDA, NUMEROHAB, OPERADOR, TIPO) values (30, 6, 21, null, null, null, '9381 Sunbrook Circle', null, 'estandar', 1, 7, 6, 'habhot');
insert into ALOJAMIENTOS (ID, CAPACIDAD, TAMANIO, MENAJE, AMOBLADO, NUMHABITACIONES, DIRECCION, DIASUSO, CATEGORIA, COMPARTIDA, NUMEROHAB, OPERADOR, TIPO) values (31, 4, 14, null, null, null, '9 Shelley Avenue', null, 'estandar', 0, 7, 7, 'habhot');
insert into ALOJAMIENTOS (ID, CAPACIDAD, TAMANIO, MENAJE, AMOBLADO, NUMHABITACIONES, DIRECCION, DIASUSO, CATEGORIA, COMPARTIDA, NUMEROHAB, OPERADOR, TIPO) values (32, 3, 23, null, null, null, '46 Talmadge Pass', null, 'semisuite', 1, 16, 9, 'habhot');
insert into ALOJAMIENTOS (ID, CAPACIDAD, TAMANIO, MENAJE, AMOBLADO, NUMHABITACIONES, DIRECCION, DIASUSO, CATEGORIA, COMPARTIDA, NUMEROHAB, OPERADOR, TIPO) values (33, 2, 25, null, null, null, '09097 Beilfuss Court', null, 'estandar', 1, 20, 5, 'habhot');
insert into ALOJAMIENTOS (ID, CAPACIDAD, TAMANIO, MENAJE, AMOBLADO, NUMHABITACIONES, DIRECCION, DIASUSO, CATEGORIA, COMPARTIDA, NUMEROHAB, OPERADOR, TIPO) values (34, 6, 40, null, null, null, '13 Miller Road', null, 'semisuite', 0, 11, 6, 'habhot');
insert into ALOJAMIENTOS (ID, CAPACIDAD, TAMANIO, MENAJE, AMOBLADO, NUMHABITACIONES, DIRECCION, DIASUSO, CATEGORIA, COMPARTIDA, NUMEROHAB, OPERADOR, TIPO) values (35, 6, 3, null, null, null, '4679 Warbler Road', null, 'estandar', 1, 20, 1, 'habhot');
insert into ALOJAMIENTOS (ID, CAPACIDAD, TAMANIO, MENAJE, AMOBLADO, NUMHABITACIONES, DIRECCION, DIASUSO, CATEGORIA, COMPARTIDA, NUMEROHAB, OPERADOR, TIPO) values (36, 4, 43, null, null, null, '3273 Pawling Place', null, 'semisuite', 1, 16, 6, 'habhot');
insert into ALOJAMIENTOS (ID, CAPACIDAD, TAMANIO, MENAJE, AMOBLADO, NUMHABITACIONES, DIRECCION, DIASUSO, CATEGORIA, COMPARTIDA, NUMEROHAB, OPERADOR, TIPO) values (37, 3, 26, null, null, null, '8635 Novick Alley', null, 'suite', 0, 6, 6, 'habhot');
insert into ALOJAMIENTOS (ID, CAPACIDAD, TAMANIO, MENAJE, AMOBLADO, NUMHABITACIONES, DIRECCION, DIASUSO, CATEGORIA, COMPARTIDA, NUMEROHAB, OPERADOR, TIPO) values (38, 4, 45, null, null, null, '747 Stone Corner Point', null, 'semisuite', 0, 8, 4, 'habhot');
insert into ALOJAMIENTOS (ID, CAPACIDAD, TAMANIO, MENAJE, AMOBLADO, NUMHABITACIONES, DIRECCION, DIASUSO, CATEGORIA, COMPARTIDA, NUMEROHAB, OPERADOR, TIPO) values (39, 5, 19, null, null, null, '3433 Wayridge Avenue', null, 'semisuite', 0, 5, 6, 'habhot');
insert into ALOJAMIENTOS (ID, CAPACIDAD, TAMANIO, MENAJE, AMOBLADO, NUMHABITACIONES, DIRECCION, DIASUSO, CATEGORIA, COMPARTIDA, NUMEROHAB, OPERADOR, TIPO) values (40, 1, 11, null, null, null, '3 Helena Street', null, 'estandar', 1, 17, 4, 'habhot');
insert into ALOJAMIENTOS (ID, CAPACIDAD, TAMANIO, MENAJE, AMOBLADO, NUMHABITACIONES, DIRECCION, DIASUSO, CATEGORIA, COMPARTIDA, NUMEROHAB, OPERADOR, TIPO) values (41, 3, 9, null, null, null, '74464 Pankratz Court', null, 'semisuite', 0, 13, 6, 'habhot');
insert into ALOJAMIENTOS (ID, CAPACIDAD, TAMANIO, MENAJE, AMOBLADO, NUMHABITACIONES, DIRECCION, DIASUSO, CATEGORIA, COMPARTIDA, NUMEROHAB, OPERADOR, TIPO) values (42, 1, 56, null, null, null, '7902 Iowa Road', null, 'estandar', 1, 17, 8, 'habhot');
insert into ALOJAMIENTOS (ID, CAPACIDAD, TAMANIO, MENAJE, AMOBLADO, NUMHABITACIONES, DIRECCION, DIASUSO, CATEGORIA, COMPARTIDA, NUMEROHAB, OPERADOR, TIPO) values (43, 5, 39, null, null, null, '738 Shelley Park', null, 'estandar', 0, 5, 5, 'habhot');
insert into ALOJAMIENTOS (ID, CAPACIDAD, TAMANIO, MENAJE, AMOBLADO, NUMHABITACIONES, DIRECCION, DIASUSO, CATEGORIA, COMPARTIDA, NUMEROHAB, OPERADOR, TIPO) values (44, 4, 3, null, null, null, '11 Dayton Road', null, 'suite', 0, 15, 10, 'habhot');
insert into ALOJAMIENTOS (ID, CAPACIDAD, TAMANIO, MENAJE, AMOBLADO, NUMHABITACIONES, DIRECCION, DIASUSO, CATEGORIA, COMPARTIDA, NUMEROHAB, OPERADOR, TIPO) values (45, 6, 34, null, null, null, '25822 Ohio Parkway', null, 'suite', 0, 9, 7, 'habhot');
insert into ALOJAMIENTOS (ID, CAPACIDAD, TAMANIO, MENAJE, AMOBLADO, NUMHABITACIONES, DIRECCION, DIASUSO, CATEGORIA, COMPARTIDA, NUMEROHAB, OPERADOR, TIPO) values (46, 3, 15, null, null, null, '8 Prentice Parkway', null, 'estandar', 0, 16, 4, 'habhot');
insert into ALOJAMIENTOS (ID, CAPACIDAD, TAMANIO, MENAJE, AMOBLADO, NUMHABITACIONES, DIRECCION, DIASUSO, CATEGORIA, COMPARTIDA, NUMEROHAB, OPERADOR, TIPO) values (47, 4, 49, null, null, null, '13579 Independence Point', null, 'estandar', 1, 15, 2, 'habhot');
insert into ALOJAMIENTOS (ID, CAPACIDAD, TAMANIO, MENAJE, AMOBLADO, NUMHABITACIONES, DIRECCION, DIASUSO, CATEGORIA, COMPARTIDA, NUMEROHAB, OPERADOR, TIPO) values (48, 4, 5, null, null, null, '59 Miller Terrace', null, 'suite', 0, 17, 8, 'habhot');
insert into ALOJAMIENTOS (ID, CAPACIDAD, TAMANIO, MENAJE, AMOBLADO, NUMHABITACIONES, DIRECCION, DIASUSO, CATEGORIA, COMPARTIDA, NUMEROHAB, OPERADOR, TIPO) values (49, 1, 23, null, null, null, '57783 Harbort Terrace', null, 'semisuite', 0, 7, 3, 'habhot');
insert into ALOJAMIENTOS (ID, CAPACIDAD, TAMANIO, MENAJE, AMOBLADO, NUMHABITACIONES, DIRECCION, DIASUSO, CATEGORIA, COMPARTIDA, NUMEROHAB, OPERADOR, TIPO) values (50, 5, 10, null, null, null, '32199 Kedzie Hill', null, 'estandar', 0, 13, 1, 'habhot');


insert into ALOJAMIENTOS (ID, CAPACIDAD, TAMANIO, MENAJE, AMOBLADO, NUMHABITACIONES, DIRECCION, DIASUSO, CATEGORIA, COMPARTIDA, NUMEROHAB, OPERADOR, TIPO) values (51, 3, 3, null, null, null, '67 Calypso Street', null, null, 1, 5, 18, 'habhos');
insert into ALOJAMIENTOS (ID, CAPACIDAD, TAMANIO, MENAJE, AMOBLADO, NUMHABITACIONES, DIRECCION, DIASUSO, CATEGORIA, COMPARTIDA, NUMEROHAB, OPERADOR, TIPO) values (52, 5, 32, null, null, null, '307 Pond Lane', null, null, 0, 7, 12, 'habhos');
insert into ALOJAMIENTOS (ID, CAPACIDAD, TAMANIO, MENAJE, AMOBLADO, NUMHABITACIONES, DIRECCION, DIASUSO, CATEGORIA, COMPARTIDA, NUMEROHAB, OPERADOR, TIPO) values (53, 1, 30, null, null, null, '37 Amoth Road', null, null, 1, 19, 16, 'habhos');
insert into ALOJAMIENTOS (ID, CAPACIDAD, TAMANIO, MENAJE, AMOBLADO, NUMHABITACIONES, DIRECCION, DIASUSO, CATEGORIA, COMPARTIDA, NUMEROHAB, OPERADOR, TIPO) values (54, 1, 14, null, null, null, '038 Bellgrove Hill', null, null, 0, 19, 22, 'habhos');
insert into ALOJAMIENTOS (ID, CAPACIDAD, TAMANIO, MENAJE, AMOBLADO, NUMHABITACIONES, DIRECCION, DIASUSO, CATEGORIA, COMPARTIDA, NUMEROHAB, OPERADOR, TIPO) values (55, 1, 52, null, null, null, '9 Jenifer Parkway', null, null, 1, 9, 22, 'habhos');
insert into ALOJAMIENTOS (ID, CAPACIDAD, TAMANIO, MENAJE, AMOBLADO, NUMHABITACIONES, DIRECCION, DIASUSO, CATEGORIA, COMPARTIDA, NUMEROHAB, OPERADOR, TIPO) values (56, 3, 25, null, null, null, '5218 New Castle Plaza', null, null, 1, 14, 16, 'habhos');
insert into ALOJAMIENTOS (ID, CAPACIDAD, TAMANIO, MENAJE, AMOBLADO, NUMHABITACIONES, DIRECCION, DIASUSO, CATEGORIA, COMPARTIDA, NUMEROHAB, OPERADOR, TIPO) values (57, 4, 34, null, null, null, '99 Shelley Park', null, null, 1, 11, 13, 'habhos');
insert into ALOJAMIENTOS (ID, CAPACIDAD, TAMANIO, MENAJE, AMOBLADO, NUMHABITACIONES, DIRECCION, DIASUSO, CATEGORIA, COMPARTIDA, NUMEROHAB, OPERADOR, TIPO) values (58, 2, 20, null, null, null, '996 Buell Street', null, null, 0, 13, 13, 'habhos');
insert into ALOJAMIENTOS (ID, CAPACIDAD, TAMANIO, MENAJE, AMOBLADO, NUMHABITACIONES, DIRECCION, DIASUSO, CATEGORIA, COMPARTIDA, NUMEROHAB, OPERADOR, TIPO) values (59, 6, 40, null, null, null, '19 Packers Trail', null, null, 1, 16, 12, 'habhos');
insert into ALOJAMIENTOS (ID, CAPACIDAD, TAMANIO, MENAJE, AMOBLADO, NUMHABITACIONES, DIRECCION, DIASUSO, CATEGORIA, COMPARTIDA, NUMEROHAB, OPERADOR, TIPO) values (60, 2, 33, null, null, null, '9200 Granby Drive', null, null, 0, 9, 21, 'habhos');
insert into ALOJAMIENTOS (ID, CAPACIDAD, TAMANIO, MENAJE, AMOBLADO, NUMHABITACIONES, DIRECCION, DIASUSO, CATEGORIA, COMPARTIDA, NUMEROHAB, OPERADOR, TIPO) values (61, 5, 2, null, null, null, '26 Hooker Point', null, null, 1, 19, 20, 'habhos');
insert into ALOJAMIENTOS (ID, CAPACIDAD, TAMANIO, MENAJE, AMOBLADO, NUMHABITACIONES, DIRECCION, DIASUSO, CATEGORIA, COMPARTIDA, NUMEROHAB, OPERADOR, TIPO) values (62, 3, 7, null, null, null, '600 Cardinal Circle', null, null, 0, 11, 15, 'habhos');
insert into ALOJAMIENTOS (ID, CAPACIDAD, TAMANIO, MENAJE, AMOBLADO, NUMHABITACIONES, DIRECCION, DIASUSO, CATEGORIA, COMPARTIDA, NUMEROHAB, OPERADOR, TIPO) values (63, 3, 24, null, null, null, '101 Talisman Avenue', null, null, 1, 15, 12, 'habhos');
insert into ALOJAMIENTOS (ID, CAPACIDAD, TAMANIO, MENAJE, AMOBLADO, NUMHABITACIONES, DIRECCION, DIASUSO, CATEGORIA, COMPARTIDA, NUMEROHAB, OPERADOR, TIPO) values (64, 4, 2, null, null, null, '69 Thackeray Junction', null, null, 0, 20, 14, 'habhos');
insert into ALOJAMIENTOS (ID, CAPACIDAD, TAMANIO, MENAJE, AMOBLADO, NUMHABITACIONES, DIRECCION, DIASUSO, CATEGORIA, COMPARTIDA, NUMEROHAB, OPERADOR, TIPO) values (65, 3, 43, null, null, null, '135 Pond Street', null, null, 1, 8, 18, 'habhos');
insert into ALOJAMIENTOS (ID, CAPACIDAD, TAMANIO, MENAJE, AMOBLADO, NUMHABITACIONES, DIRECCION, DIASUSO, CATEGORIA, COMPARTIDA, NUMEROHAB, OPERADOR, TIPO) values (66, 6, 35, null, null, null, '9 Morrow Way', null, null, 1, 12, 20, 'habhos');
insert into ALOJAMIENTOS (ID, CAPACIDAD, TAMANIO, MENAJE, AMOBLADO, NUMHABITACIONES, DIRECCION, DIASUSO, CATEGORIA, COMPARTIDA, NUMEROHAB, OPERADOR, TIPO) values (67, 3, 35, null, null, null, '44 Northwestern Lane', null, null, 0, 19, 13, 'habhos');
insert into ALOJAMIENTOS (ID, CAPACIDAD, TAMANIO, MENAJE, AMOBLADO, NUMHABITACIONES, DIRECCION, DIASUSO, CATEGORIA, COMPARTIDA, NUMEROHAB, OPERADOR, TIPO) values (68, 2, 42, null, null, null, '072 Gulseth Crossing', null, null, 1, 18, 15, 'habhos');
insert into ALOJAMIENTOS (ID, CAPACIDAD, TAMANIO, MENAJE, AMOBLADO, NUMHABITACIONES, DIRECCION, DIASUSO, CATEGORIA, COMPARTIDA, NUMEROHAB, OPERADOR, TIPO) values (69, 2, 30, null, null, null, '228 Elka Park', null, null, 1, 16, 18, 'habhos');
insert into ALOJAMIENTOS (ID, CAPACIDAD, TAMANIO, MENAJE, AMOBLADO, NUMHABITACIONES, DIRECCION, DIASUSO, CATEGORIA, COMPARTIDA, NUMEROHAB, OPERADOR, TIPO) values (70, 6, 30, null, null, null, '30 Hallows Junction', null, null, 0, 7, 19, 'habhos');
insert into ALOJAMIENTOS (ID, CAPACIDAD, TAMANIO, MENAJE, AMOBLADO, NUMHABITACIONES, DIRECCION, DIASUSO, CATEGORIA, COMPARTIDA, NUMEROHAB, OPERADOR, TIPO) values (71, 3, 53, null, null, null, '68 Sunnyside Street', null, null, 0, 10, 20, 'habhos');
insert into ALOJAMIENTOS (ID, CAPACIDAD, TAMANIO, MENAJE, AMOBLADO, NUMHABITACIONES, DIRECCION, DIASUSO, CATEGORIA, COMPARTIDA, NUMEROHAB, OPERADOR, TIPO) values (72, 3, 15, null, null, null, '212 Johnson Drive', null, null, 1, 16, 12, 'habhos');
insert into ALOJAMIENTOS (ID, CAPACIDAD, TAMANIO, MENAJE, AMOBLADO, NUMHABITACIONES, DIRECCION, DIASUSO, CATEGORIA, COMPARTIDA, NUMEROHAB, OPERADOR, TIPO) values (73, 5, 39, null, null, null, '71 Garrison Plaza', null, null, 0, 16, 21, 'habhos');
insert into ALOJAMIENTOS (ID, CAPACIDAD, TAMANIO, MENAJE, AMOBLADO, NUMHABITACIONES, DIRECCION, DIASUSO, CATEGORIA, COMPARTIDA, NUMEROHAB, OPERADOR, TIPO) values (74, 1, 32, null, null, null, '79 Mayer Junction', null, null, 0, 20, 18, 'habhos');
insert into ALOJAMIENTOS (ID, CAPACIDAD, TAMANIO, MENAJE, AMOBLADO, NUMHABITACIONES, DIRECCION, DIASUSO, CATEGORIA, COMPARTIDA, NUMEROHAB, OPERADOR, TIPO) values (75, 1, 4, null, null, null, '70 Oak Valley Road', null, null, 0, 5, 14, 'habhos');
insert into ALOJAMIENTOS (ID, CAPACIDAD, TAMANIO, MENAJE, AMOBLADO, NUMHABITACIONES, DIRECCION, DIASUSO, CATEGORIA, COMPARTIDA, NUMEROHAB, OPERADOR, TIPO) values (76, 5, 56, null, null, null, '5 Wayridge Park', null, null, 0, 8, 15, 'habhos');
insert into ALOJAMIENTOS (ID, CAPACIDAD, TAMANIO, MENAJE, AMOBLADO, NUMHABITACIONES, DIRECCION, DIASUSO, CATEGORIA, COMPARTIDA, NUMEROHAB, OPERADOR, TIPO) values (77, 2, 5, null, null, null, '6 Gina Road', null, null, 0, 9, 20, 'habhos');
insert into ALOJAMIENTOS (ID, CAPACIDAD, TAMANIO, MENAJE, AMOBLADO, NUMHABITACIONES, DIRECCION, DIASUSO, CATEGORIA, COMPARTIDA, NUMEROHAB, OPERADOR, TIPO) values (78, 4, 30, null, null, null, '0508 Gulseth Junction', null, null, 0, 11, 15, 'habhos');
insert into ALOJAMIENTOS (ID, CAPACIDAD, TAMANIO, MENAJE, AMOBLADO, NUMHABITACIONES, DIRECCION, DIASUSO, CATEGORIA, COMPARTIDA, NUMEROHAB, OPERADOR, TIPO) values (79, 3, 21, null, null, null, '22 Sheridan Hill', null, null, 1, 11, 19, 'habhos');
insert into ALOJAMIENTOS (ID, CAPACIDAD, TAMANIO, MENAJE, AMOBLADO, NUMHABITACIONES, DIRECCION, DIASUSO, CATEGORIA, COMPARTIDA, NUMEROHAB, OPERADOR, TIPO) values (80, 2, 27, null, null, null, '36 5th Circle', null, null, 1, 13, 21, 'habhos');
insert into ALOJAMIENTOS (ID, CAPACIDAD, TAMANIO, MENAJE, AMOBLADO, NUMHABITACIONES, DIRECCION, DIASUSO, CATEGORIA, COMPARTIDA, NUMEROHAB, OPERADOR, TIPO) values (81, 2, 40, null, null, null, '841 Maryland Center', null, null, 1, 12, 17, 'habhos');
insert into ALOJAMIENTOS (ID, CAPACIDAD, TAMANIO, MENAJE, AMOBLADO, NUMHABITACIONES, DIRECCION, DIASUSO, CATEGORIA, COMPARTIDA, NUMEROHAB, OPERADOR, TIPO) values (82, 3, 35, null, null, null, '3013 Nevada Terrace', null, null, 1, 9, 22, 'habhos');
insert into ALOJAMIENTOS (ID, CAPACIDAD, TAMANIO, MENAJE, AMOBLADO, NUMHABITACIONES, DIRECCION, DIASUSO, CATEGORIA, COMPARTIDA, NUMEROHAB, OPERADOR, TIPO) values (83, 4, 13, null, null, null, '005 Atwood Crossing', null, null, 0, 17, 14, 'habhos');
insert into ALOJAMIENTOS (ID, CAPACIDAD, TAMANIO, MENAJE, AMOBLADO, NUMHABITACIONES, DIRECCION, DIASUSO, CATEGORIA, COMPARTIDA, NUMEROHAB, OPERADOR, TIPO) values (84, 3, 48, null, null, null, '2918 Summerview Crossing', null, null, 1, 17, 14, 'habhos');
insert into ALOJAMIENTOS (ID, CAPACIDAD, TAMANIO, MENAJE, AMOBLADO, NUMHABITACIONES, DIRECCION, DIASUSO, CATEGORIA, COMPARTIDA, NUMEROHAB, OPERADOR, TIPO) values (85, 6, 53, null, null, null, '37576 Esch Alley', null, null, 1, 16, 18, 'habhos');
insert into ALOJAMIENTOS (ID, CAPACIDAD, TAMANIO, MENAJE, AMOBLADO, NUMHABITACIONES, DIRECCION, DIASUSO, CATEGORIA, COMPARTIDA, NUMEROHAB, OPERADOR, TIPO) values (86, 2, 24, null, null, null, '62754 Onsgard Plaza', null, null, 0, 8, 13, 'habhos');
insert into ALOJAMIENTOS (ID, CAPACIDAD, TAMANIO, MENAJE, AMOBLADO, NUMHABITACIONES, DIRECCION, DIASUSO, CATEGORIA, COMPARTIDA, NUMEROHAB, OPERADOR, TIPO) values (87, 2, 22, null, null, null, '19 Hudson Point', null, null, 0, 6, 17, 'habhos');
insert into ALOJAMIENTOS (ID, CAPACIDAD, TAMANIO, MENAJE, AMOBLADO, NUMHABITACIONES, DIRECCION, DIASUSO, CATEGORIA, COMPARTIDA, NUMEROHAB, OPERADOR, TIPO) values (88, 1, 55, null, null, null, '26 Melby Point', null, null, 1, 18, 13, 'habhos');
insert into ALOJAMIENTOS (ID, CAPACIDAD, TAMANIO, MENAJE, AMOBLADO, NUMHABITACIONES, DIRECCION, DIASUSO, CATEGORIA, COMPARTIDA, NUMEROHAB, OPERADOR, TIPO) values (89, 1, 47, null, null, null, '17764 Macpherson Alley', null, null, 1, 14, 14, 'habhos');
insert into ALOJAMIENTOS (ID, CAPACIDAD, TAMANIO, MENAJE, AMOBLADO, NUMHABITACIONES, DIRECCION, DIASUSO, CATEGORIA, COMPARTIDA, NUMEROHAB, OPERADOR, TIPO) values (90, 4, 51, null, null, null, '76219 Vahlen Court', null, null, 0, 18, 14, 'habhos');
insert into ALOJAMIENTOS (ID, CAPACIDAD, TAMANIO, MENAJE, AMOBLADO, NUMHABITACIONES, DIRECCION, DIASUSO, CATEGORIA, COMPARTIDA, NUMEROHAB, OPERADOR, TIPO) values (91, 4, 52, null, null, null, '6023 Almo Way', null, null, 1, 20, 18, 'habhos');
insert into ALOJAMIENTOS (ID, CAPACIDAD, TAMANIO, MENAJE, AMOBLADO, NUMHABITACIONES, DIRECCION, DIASUSO, CATEGORIA, COMPARTIDA, NUMEROHAB, OPERADOR, TIPO) values (92, 3, 50, null, null, null, '63895 Sugar Court', null, null, 1, 7, 14, 'habhos');
insert into ALOJAMIENTOS (ID, CAPACIDAD, TAMANIO, MENAJE, AMOBLADO, NUMHABITACIONES, DIRECCION, DIASUSO, CATEGORIA, COMPARTIDA, NUMEROHAB, OPERADOR, TIPO) values (93, 6, 45, null, null, null, '52 Sycamore Alley', null, null, 1, 9, 16, 'habhos');
insert into ALOJAMIENTOS (ID, CAPACIDAD, TAMANIO, MENAJE, AMOBLADO, NUMHABITACIONES, DIRECCION, DIASUSO, CATEGORIA, COMPARTIDA, NUMEROHAB, OPERADOR, TIPO) values (94, 1, 3, null, null, null, '2 Buhler Way', null, null, 0, 15, 14, 'habhos');
insert into ALOJAMIENTOS (ID, CAPACIDAD, TAMANIO, MENAJE, AMOBLADO, NUMHABITACIONES, DIRECCION, DIASUSO, CATEGORIA, COMPARTIDA, NUMEROHAB, OPERADOR, TIPO) values (95, 6, 32, null, null, null, '37 Heath Trail', null, null, 1, 15, 19, 'habhos');
insert into ALOJAMIENTOS (ID, CAPACIDAD, TAMANIO, MENAJE, AMOBLADO, NUMHABITACIONES, DIRECCION, DIASUSO, CATEGORIA, COMPARTIDA, NUMEROHAB, OPERADOR, TIPO) values (96, 5, 10, null, null, null, '150 Hollow Ridge Plaza', null, null, 0, 13, 16, 'habhos');
insert into ALOJAMIENTOS (ID, CAPACIDAD, TAMANIO, MENAJE, AMOBLADO, NUMHABITACIONES, DIRECCION, DIASUSO, CATEGORIA, COMPARTIDA, NUMEROHAB, OPERADOR, TIPO) values (97, 1, 17, null, null, null, '1694 Oxford Parkway', null, null, 1, 17, 21, 'habhos');
insert into ALOJAMIENTOS (ID, CAPACIDAD, TAMANIO, MENAJE, AMOBLADO, NUMHABITACIONES, DIRECCION, DIASUSO, CATEGORIA, COMPARTIDA, NUMEROHAB, OPERADOR, TIPO) values (98, 4, 42, null, null, null, '338 Johnson Point', null, null, 0, 12, 16, 'habhos');
insert into ALOJAMIENTOS (ID, CAPACIDAD, TAMANIO, MENAJE, AMOBLADO, NUMHABITACIONES, DIRECCION, DIASUSO, CATEGORIA, COMPARTIDA, NUMEROHAB, OPERADOR, TIPO) values (99, 1, 9, null, null, null, '15991 School Lane', null, null, 1, 16, 21, 'habhos');
insert into ALOJAMIENTOS (ID, CAPACIDAD, TAMANIO, MENAJE, AMOBLADO, NUMHABITACIONES, DIRECCION, DIASUSO, CATEGORIA, COMPARTIDA, NUMEROHAB, OPERADOR, TIPO) values (100, 1, 36, null, null, null, '63954 Cody Street', null, null, 0, 8, 20, 'habhos');
insert into ALOJAMIENTOS (ID, CAPACIDAD, TAMANIO, MENAJE, AMOBLADO, NUMHABITACIONES, DIRECCION, DIASUSO, CATEGORIA, COMPARTIDA, NUMEROHAB, OPERADOR, TIPO) values (101, 2, 34, null, null, null, '0 Birchwood Junction', null, null, 1, 20, 12, 'habhos');
insert into ALOJAMIENTOS (ID, CAPACIDAD, TAMANIO, MENAJE, AMOBLADO, NUMHABITACIONES, DIRECCION, DIASUSO, CATEGORIA, COMPARTIDA, NUMEROHAB, OPERADOR, TIPO) values (102, 4, 6, null, null, null, '9 Hollow Ridge Lane', null, null, 0, 17, 19, 'habhos');
insert into ALOJAMIENTOS (ID, CAPACIDAD, TAMANIO, MENAJE, AMOBLADO, NUMHABITACIONES, DIRECCION, DIASUSO, CATEGORIA, COMPARTIDA, NUMEROHAB, OPERADOR, TIPO) values (103, 3, 47, null, null, null, '0614 Sunbrook Pass', null, null, 0, 17, 12, 'habhos');
insert into ALOJAMIENTOS (ID, CAPACIDAD, TAMANIO, MENAJE, AMOBLADO, NUMHABITACIONES, DIRECCION, DIASUSO, CATEGORIA, COMPARTIDA, NUMEROHAB, OPERADOR, TIPO) values (104, 2, 17, null, null, null, '15 Anniversary Way', null, null, 0, 17, 13, 'habhos');
insert into ALOJAMIENTOS (ID, CAPACIDAD, TAMANIO, MENAJE, AMOBLADO, NUMHABITACIONES, DIRECCION, DIASUSO, CATEGORIA, COMPARTIDA, NUMEROHAB, OPERADOR, TIPO) values (105, 3, 43, null, null, null, '25279 Thierer Lane', null, null, 1, 10, 17, 'habhos');
insert into ALOJAMIENTOS (ID, CAPACIDAD, TAMANIO, MENAJE, AMOBLADO, NUMHABITACIONES, DIRECCION, DIASUSO, CATEGORIA, COMPARTIDA, NUMEROHAB, OPERADOR, TIPO) values (106, 3, 27, null, null, null, '699 Hagan Street', null, null, 1, 11, 12, 'habhos');
insert into ALOJAMIENTOS (ID, CAPACIDAD, TAMANIO, MENAJE, AMOBLADO, NUMHABITACIONES, DIRECCION, DIASUSO, CATEGORIA, COMPARTIDA, NUMEROHAB, OPERADOR, TIPO) values (107, 5, 18, null, null, null, '633 Maywood Street', null, null, 1, 19, 14, 'habhos');
insert into ALOJAMIENTOS (ID, CAPACIDAD, TAMANIO, MENAJE, AMOBLADO, NUMHABITACIONES, DIRECCION, DIASUSO, CATEGORIA, COMPARTIDA, NUMEROHAB, OPERADOR, TIPO) values (108, 5, 55, null, null, null, '38812 Summit Parkway', null, null, 0, 5, 12, 'habhos');
insert into ALOJAMIENTOS (ID, CAPACIDAD, TAMANIO, MENAJE, AMOBLADO, NUMHABITACIONES, DIRECCION, DIASUSO, CATEGORIA, COMPARTIDA, NUMEROHAB, OPERADOR, TIPO) values (109, 5, 29, null, null, null, '070 Namekagon Pass', null, null, 1, 10, 13, 'habhos');
insert into ALOJAMIENTOS (ID, CAPACIDAD, TAMANIO, MENAJE, AMOBLADO, NUMHABITACIONES, DIRECCION, DIASUSO, CATEGORIA, COMPARTIDA, NUMEROHAB, OPERADOR, TIPO) values (110, 2, 18, null, null, null, '99257 Scofield Terrace', null, null, 1, 12, 17, 'habhos');



insert into ALOJAMIENTOS (ID, CAPACIDAD, TAMANIO, MENAJE, AMOBLADO, NUMHABITACIONES, DIRECCION, DIASUSO, CATEGORIA, COMPARTIDA, NUMEROHAB, OPERADOR, TIPO) values (111, 1, 37, null, null, null, '16 Swallow Drive', null, null, 0, 20, 23, 'habuni');
insert into ALOJAMIENTOS (ID, CAPACIDAD, TAMANIO, MENAJE, AMOBLADO, NUMHABITACIONES, DIRECCION, DIASUSO, CATEGORIA, COMPARTIDA, NUMEROHAB, OPERADOR, TIPO) values (112, 4, 6, null, null, null, '4 Larry Alley', null, null, 1, 16, 23, 'habuni');
insert into ALOJAMIENTOS (ID, CAPACIDAD, TAMANIO, MENAJE, AMOBLADO, NUMHABITACIONES, DIRECCION, DIASUSO, CATEGORIA, COMPARTIDA, NUMEROHAB, OPERADOR, TIPO) values (113, 5, 13, null, null, null, '552 Derek Pass', null, null, 1, 19, 23, 'habuni');
insert into ALOJAMIENTOS (ID, CAPACIDAD, TAMANIO, MENAJE, AMOBLADO, NUMHABITACIONES, DIRECCION, DIASUSO, CATEGORIA, COMPARTIDA, NUMEROHAB, OPERADOR, TIPO) values (114, 6, 2, null, null, null, '2921 Fairfield Hill', null, null, 0, 5, 23, 'habuni');
insert into ALOJAMIENTOS (ID, CAPACIDAD, TAMANIO, MENAJE, AMOBLADO, NUMHABITACIONES, DIRECCION, DIASUSO, CATEGORIA, COMPARTIDA, NUMEROHAB, OPERADOR, TIPO) values (115, 3, 12, null, null, null, '36 Heffernan Court', null, null, 0, 17, 23, 'habuni');


insert into ALOJAMIENTOS (ID, CAPACIDAD, TAMANIO, MENAJE, AMOBLADO, NUMHABITACIONES, DIRECCION, DIASUSO, CATEGORIA, COMPARTIDA, NUMEROHAB, OPERADOR, TIPO) values (116, 2, 39, null, null, null, '2 Milwaukee Place', null, null, 1, null, 30, 'habita');
insert into ALOJAMIENTOS (ID, CAPACIDAD, TAMANIO, MENAJE, AMOBLADO, NUMHABITACIONES, DIRECCION, DIASUSO, CATEGORIA, COMPARTIDA, NUMEROHAB, OPERADOR, TIPO) values (117, 3, 16, null, null, null, '1664 Florence Circle', null, null, 1, null, 28, 'habita');
insert into ALOJAMIENTOS (ID, CAPACIDAD, TAMANIO, MENAJE, AMOBLADO, NUMHABITACIONES, DIRECCION, DIASUSO, CATEGORIA, COMPARTIDA, NUMEROHAB, OPERADOR, TIPO) values (118, 3, 30, null, null, null, '56409 David Center', null, null, 1, null, 28, 'habita');
insert into ALOJAMIENTOS (ID, CAPACIDAD, TAMANIO, MENAJE, AMOBLADO, NUMHABITACIONES, DIRECCION, DIASUSO, CATEGORIA, COMPARTIDA, NUMEROHAB, OPERADOR, TIPO) values (119, 1, 60, null, null, null, '7420 Southridge Way', null, null, 1, null, 28, 'habita');
insert into ALOJAMIENTOS (ID, CAPACIDAD, TAMANIO, MENAJE, AMOBLADO, NUMHABITACIONES, DIRECCION, DIASUSO, CATEGORIA, COMPARTIDA, NUMEROHAB, OPERADOR, TIPO) values (120, 4, 7, null, null, null, '87326 Anthes Park', null, null, 0, null, 30, 'habita');
insert into ALOJAMIENTOS (ID, CAPACIDAD, TAMANIO, MENAJE, AMOBLADO, NUMHABITACIONES, DIRECCION, DIASUSO, CATEGORIA, COMPARTIDA, NUMEROHAB, OPERADOR, TIPO) values (121, 6, 42, null, null, null, '2227 Leroy Alley', null, null, 1, null, 30, 'habita');
insert into ALOJAMIENTOS (ID, CAPACIDAD, TAMANIO, MENAJE, AMOBLADO, NUMHABITACIONES, DIRECCION, DIASUSO, CATEGORIA, COMPARTIDA, NUMEROHAB, OPERADOR, TIPO) values (122, 2, 9, null, null, null, '913 Dixon Alley', null, null, 1, null, 24, 'habita');
insert into ALOJAMIENTOS (ID, CAPACIDAD, TAMANIO, MENAJE, AMOBLADO, NUMHABITACIONES, DIRECCION, DIASUSO, CATEGORIA, COMPARTIDA, NUMEROHAB, OPERADOR, TIPO) values (123, 2, 24, null, null, null, '43919 Forest Lane', null, null, 0, null, 29, 'habita');
insert into ALOJAMIENTOS (ID, CAPACIDAD, TAMANIO, MENAJE, AMOBLADO, NUMHABITACIONES, DIRECCION, DIASUSO, CATEGORIA, COMPARTIDA, NUMEROHAB, OPERADOR, TIPO) values (124, 3, 42, null, null, null, '200 Mccormick Alley', null, null, 0, null, 25, 'habita');
insert into ALOJAMIENTOS (ID, CAPACIDAD, TAMANIO, MENAJE, AMOBLADO, NUMHABITACIONES, DIRECCION, DIASUSO, CATEGORIA, COMPARTIDA, NUMEROHAB, OPERADOR, TIPO) values (125, 3, 12, null, null, null, '33 Tony Parkway', null, null, 1, null, 27, 'habita');
insert into ALOJAMIENTOS (ID, CAPACIDAD, TAMANIO, MENAJE, AMOBLADO, NUMHABITACIONES, DIRECCION, DIASUSO, CATEGORIA, COMPARTIDA, NUMEROHAB, OPERADOR, TIPO) values (126, 2, 17, null, null, null, '962 Thompson Junction', null, null, 0, null, 26, 'habita');
insert into ALOJAMIENTOS (ID, CAPACIDAD, TAMANIO, MENAJE, AMOBLADO, NUMHABITACIONES, DIRECCION, DIASUSO, CATEGORIA, COMPARTIDA, NUMEROHAB, OPERADOR, TIPO) values (127, 6, 53, null, null, null, '248 Myrtle Parkway', null, null, 1, null, 28, 'habita');
insert into ALOJAMIENTOS (ID, CAPACIDAD, TAMANIO, MENAJE, AMOBLADO, NUMHABITACIONES, DIRECCION, DIASUSO, CATEGORIA, COMPARTIDA, NUMEROHAB, OPERADOR, TIPO) values (128, 5, 47, null, null, null, '712 Claremont Place', null, null, 1, null, 28, 'habita');
insert into ALOJAMIENTOS (ID, CAPACIDAD, TAMANIO, MENAJE, AMOBLADO, NUMHABITACIONES, DIRECCION, DIASUSO, CATEGORIA, COMPARTIDA, NUMEROHAB, OPERADOR, TIPO) values (129, 4, 59, null, null, null, '905 Graedel Center', null, null, 1, null, 26, 'habita');


insert into ALOJAMIENTOS (ID, CAPACIDAD, TAMANIO, MENAJE, AMOBLADO, NUMHABITACIONES, DIRECCION, DIASUSO, CATEGORIA, COMPARTIDA, NUMEROHAB, OPERADOR, TIPO) values (130, 4, 3, 0, 1, 1, '548 Buena Vista Alley', null, null, 1, null, 40, 'aparta');
insert into ALOJAMIENTOS (ID, CAPACIDAD, TAMANIO, MENAJE, AMOBLADO, NUMHABITACIONES, DIRECCION, DIASUSO, CATEGORIA, COMPARTIDA, NUMEROHAB, OPERADOR, TIPO) values (131, 3, 16, 0, 1, 3, '549 Springview Drive', null, null, 0, null, 40, 'aparta');
insert into ALOJAMIENTOS (ID, CAPACIDAD, TAMANIO, MENAJE, AMOBLADO, NUMHABITACIONES, DIRECCION, DIASUSO, CATEGORIA, COMPARTIDA, NUMEROHAB, OPERADOR, TIPO) values (132, 6, 46, 0, 0, 1, '05624 Steensland Drive', null, null, 0, null, 40, 'aparta');
insert into ALOJAMIENTOS (ID, CAPACIDAD, TAMANIO, MENAJE, AMOBLADO, NUMHABITACIONES, DIRECCION, DIASUSO, CATEGORIA, COMPARTIDA, NUMEROHAB, OPERADOR, TIPO) values (133, 4, 42, 1, 1, 2, '48880 Becker Trail', null, null, 0, null, 37, 'aparta');
insert into ALOJAMIENTOS (ID, CAPACIDAD, TAMANIO, MENAJE, AMOBLADO, NUMHABITACIONES, DIRECCION, DIASUSO, CATEGORIA, COMPARTIDA, NUMEROHAB, OPERADOR, TIPO) values (134, 5, 3, 0, 0, 2, '2 Blue Bill Park Hill', null, null, 0, null, 31, 'aparta');
insert into ALOJAMIENTOS (ID, CAPACIDAD, TAMANIO, MENAJE, AMOBLADO, NUMHABITACIONES, DIRECCION, DIASUSO, CATEGORIA, COMPARTIDA, NUMEROHAB, OPERADOR, TIPO) values (135, 4, 13, 1, 1, 3, '240 Caliangt Junction', null, null, 0, null, 36, 'aparta');
insert into ALOJAMIENTOS (ID, CAPACIDAD, TAMANIO, MENAJE, AMOBLADO, NUMHABITACIONES, DIRECCION, DIASUSO, CATEGORIA, COMPARTIDA, NUMEROHAB, OPERADOR, TIPO) values (136, 1, 46, 0, 1, 2, '51 Burrows Crossing', null, null, 0, null, 40, 'aparta');
insert into ALOJAMIENTOS (ID, CAPACIDAD, TAMANIO, MENAJE, AMOBLADO, NUMHABITACIONES, DIRECCION, DIASUSO, CATEGORIA, COMPARTIDA, NUMEROHAB, OPERADOR, TIPO) values (137, 4, 18, 0, 0, 2, '003 Park Meadow Court', null, null, 0, null, 31, 'aparta');
insert into ALOJAMIENTOS (ID, CAPACIDAD, TAMANIO, MENAJE, AMOBLADO, NUMHABITACIONES, DIRECCION, DIASUSO, CATEGORIA, COMPARTIDA, NUMEROHAB, OPERADOR, TIPO) values (138, 4, 37, 1, 0, 1, '3957 Packers Way', null, null, 1, null, 39, 'aparta');
insert into ALOJAMIENTOS (ID, CAPACIDAD, TAMANIO, MENAJE, AMOBLADO, NUMHABITACIONES, DIRECCION, DIASUSO, CATEGORIA, COMPARTIDA, NUMEROHAB, OPERADOR, TIPO) values (139, 6, 35, 0, 0, 3, '934 Stang Alley', null, null, 0, null, 33, 'aparta');
insert into ALOJAMIENTOS (ID, CAPACIDAD, TAMANIO, MENAJE, AMOBLADO, NUMHABITACIONES, DIRECCION, DIASUSO, CATEGORIA, COMPARTIDA, NUMEROHAB, OPERADOR, TIPO) values (140, 6, 54, 1, 1, 3, '3267 Melvin Junction', null, null, 1, null, 39, 'aparta');
insert into ALOJAMIENTOS (ID, CAPACIDAD, TAMANIO, MENAJE, AMOBLADO, NUMHABITACIONES, DIRECCION, DIASUSO, CATEGORIA, COMPARTIDA, NUMEROHAB, OPERADOR, TIPO) values (141, 2, 17, 0, 0, 3, '409 Columbus Center', null, null, 1, null, 32, 'aparta');
insert into ALOJAMIENTOS (ID, CAPACIDAD, TAMANIO, MENAJE, AMOBLADO, NUMHABITACIONES, DIRECCION, DIASUSO, CATEGORIA, COMPARTIDA, NUMEROHAB, OPERADOR, TIPO) values (142, 2, 33, 0, 1, 3, '63 Montana Center', null, null, 1, null, 39, 'aparta');
insert into ALOJAMIENTOS (ID, CAPACIDAD, TAMANIO, MENAJE, AMOBLADO, NUMHABITACIONES, DIRECCION, DIASUSO, CATEGORIA, COMPARTIDA, NUMEROHAB, OPERADOR, TIPO) values (143, 5, 25, 1, 0, 2, '17 Tennyson Avenue', null, null, 1, null, 38, 'aparta');


insert into ALOJAMIENTOS (ID, CAPACIDAD, TAMANIO, MENAJE, AMOBLADO, NUMHABITACIONES, DIRECCION, DIASUSO, CATEGORIA, COMPARTIDA, NUMEROHAB, OPERADOR, TIPO) values (144, 3, 7, 0, null, 3, '4130 Hollow Ridge Lane', 27, null, 0, null, 34, 'vivcom');
insert into ALOJAMIENTOS (ID, CAPACIDAD, TAMANIO, MENAJE, AMOBLADO, NUMHABITACIONES, DIRECCION, DIASUSO, CATEGORIA, COMPARTIDA, NUMEROHAB, OPERADOR, TIPO) values (145, 1, 60, 1, null, 3, '681 Hoard Hill', 11, null, 0, null, 39, 'vivcom');
insert into ALOJAMIENTOS (ID, CAPACIDAD, TAMANIO, MENAJE, AMOBLADO, NUMHABITACIONES, DIRECCION, DIASUSO, CATEGORIA, COMPARTIDA, NUMEROHAB, OPERADOR, TIPO) values (146, 5, 27, 0, null, 2, '158 Hanover Lane', 17, null, 1, null, 32, 'vivcom');
insert into ALOJAMIENTOS (ID, CAPACIDAD, TAMANIO, MENAJE, AMOBLADO, NUMHABITACIONES, DIRECCION, DIASUSO, CATEGORIA, COMPARTIDA, NUMEROHAB, OPERADOR, TIPO) values (147, 2, 32, 0, null, 2, '0 Mccormick Point', 19, null, 1, null, 39, 'vivcom');
insert into ALOJAMIENTOS (ID, CAPACIDAD, TAMANIO, MENAJE, AMOBLADO, NUMHABITACIONES, DIRECCION, DIASUSO, CATEGORIA, COMPARTIDA, NUMEROHAB, OPERADOR, TIPO) values (148, 3, 32, 1, null, 1, '7 Vermont Court', 7, null, 0, null, 38, 'vivcom');
insert into ALOJAMIENTOS (ID, CAPACIDAD, TAMANIO, MENAJE, AMOBLADO, NUMHABITACIONES, DIRECCION, DIASUSO, CATEGORIA, COMPARTIDA, NUMEROHAB, OPERADOR, TIPO) values (149, 3, 5, 1, null, 2, '585 2nd Way', 9, null, 1, null, 37, 'vivcom');
insert into ALOJAMIENTOS (ID, CAPACIDAD, TAMANIO, MENAJE, AMOBLADO, NUMHABITACIONES, DIRECCION, DIASUSO, CATEGORIA, COMPARTIDA, NUMEROHAB, OPERADOR, TIPO) values (150, 5, 54, 1, null, 1, '91237 Haas Junction', 4, null, 0, null, 33, 'vivcom');
insert into ALOJAMIENTOS (ID, CAPACIDAD, TAMANIO, MENAJE, AMOBLADO, NUMHABITACIONES, DIRECCION, DIASUSO, CATEGORIA, COMPARTIDA, NUMEROHAB, OPERADOR, TIPO) values (151, 1, 43, 0, null, 3, '09 Mifflin Hill', 8, null, 0, null, 38, 'vivcom');
insert into ALOJAMIENTOS (ID, CAPACIDAD, TAMANIO, MENAJE, AMOBLADO, NUMHABITACIONES, DIRECCION, DIASUSO, CATEGORIA, COMPARTIDA, NUMEROHAB, OPERADOR, TIPO) values (152, 3, 38, 0, null, 2, '15721 Southridge Street', 26, null, 1, null, 31, 'vivcom');
insert into ALOJAMIENTOS (ID, CAPACIDAD, TAMANIO, MENAJE, AMOBLADO, NUMHABITACIONES, DIRECCION, DIASUSO, CATEGORIA, COMPARTIDA, NUMEROHAB, OPERADOR, TIPO) values (153, 4, 11, 0, null, 3, '54324 Hooker Avenue', 15, null, 0, null, 37, 'vivcom');
insert into ALOJAMIENTOS (ID, CAPACIDAD, TAMANIO, MENAJE, AMOBLADO, NUMHABITACIONES, DIRECCION, DIASUSO, CATEGORIA, COMPARTIDA, NUMEROHAB, OPERADOR, TIPO) values (154, 1, 60, 1, null, 2, '747 Kropf Pass', 18, null, 0, null, 38, 'vivcom');
insert into ALOJAMIENTOS (ID, CAPACIDAD, TAMANIO, MENAJE, AMOBLADO, NUMHABITACIONES, DIRECCION, DIASUSO, CATEGORIA, COMPARTIDA, NUMEROHAB, OPERADOR, TIPO) values (155, 2, 6, 1, null, 1, '419 Oriole Center', 29, null, 1, null, 31, 'vivcom');
insert into ALOJAMIENTOS (ID, CAPACIDAD, TAMANIO, MENAJE, AMOBLADO, NUMHABITACIONES, DIRECCION, DIASUSO, CATEGORIA, COMPARTIDA, NUMEROHAB, OPERADOR, TIPO) values (156, 1, 27, 1, null, 2, '52434 Meadow Vale Trail', 0, null, 0, null, 33, 'vivcom');
insert into ALOJAMIENTOS (ID, CAPACIDAD, TAMANIO, MENAJE, AMOBLADO, NUMHABITACIONES, DIRECCION, DIASUSO, CATEGORIA, COMPARTIDA, NUMEROHAB, OPERADOR, TIPO) values (157, 2, 19, 1, null, 2, '7258 Larry Lane', 21, null, 1, null, 35, 'vivcom');


insert into OFERTAS (ID, COSTO, FECHARETIRO, NOMBRE, OPERADOR, ALOJAMIENTO, DESHABILITADA) values (1, 84, '27/09/2018', 'New York Aster', 1, 1, 0);

insert into OFERTAS (ID, COSTO, FECHARETIRO, NOMBRE, OPERADOR, ALOJAMIENTO, DESHABILITADA) values (1, 62, '26/09/2018', 'West Indian Nightshade', 19, 1, 1);
insert into OFERTAS (ID, COSTO, FECHARETIRO, NOMBRE, OPERADOR, ALOJAMIENTO, DESHABILITADA) values (2, 53, '27/09/2018', 'Mexican Bonebract', 32, 2, 0);
insert into OFERTAS (ID, COSTO, FECHARETIRO, NOMBRE, OPERADOR, ALOJAMIENTO, DESHABILITADA) values (3, 54, '27/09/2018', 'Hand Bonnet Orchid', 13, 3, 0);
insert into OFERTAS (ID, COSTO, FECHARETIRO, NOMBRE, OPERADOR, ALOJAMIENTO, DESHABILITADA) values (4, 73, '26/09/2018', 'Short''s Rockcress', 18, 4, 0);
insert into OFERTAS (ID, COSTO, FECHARETIRO, NOMBRE, OPERADOR, ALOJAMIENTO, DESHABILITADA) values (5, 61, '27/09/2018', 'Alpine Bryum Moss', 19, 5, 0);
insert into OFERTAS (ID, COSTO, FECHARETIRO, NOMBRE, OPERADOR, ALOJAMIENTO, DESHABILITADA) values (6, 91, '27/09/2018', 'Blindia Moss', 30, 6, 0);
insert into OFERTAS (ID, COSTO, FECHARETIRO, NOMBRE, OPERADOR, ALOJAMIENTO, DESHABILITADA) values (7, 75, '26/09/2018', 'Arizona Alder', 32, 7, 0);
insert into OFERTAS (ID, COSTO, FECHARETIRO, NOMBRE, OPERADOR, ALOJAMIENTO, DESHABILITADA) values (8, 83, '27/09/2018', 'Texas Crested Coralroot', 9, 8, 0);
insert into OFERTAS (ID, COSTO, FECHARETIRO, NOMBRE, OPERADOR, ALOJAMIENTO, DESHABILITADA) values (9, 84, '27/09/2018', 'Copper Globemallow', 39, 9, 1);
insert into OFERTAS (ID, COSTO, FECHARETIRO, NOMBRE, OPERADOR, ALOJAMIENTO, DESHABILITADA) values (10, 58, '27/09/2018', 'Garlicvine', 32, 10, 0);
insert into OFERTAS (ID, COSTO, FECHARETIRO, NOMBRE, OPERADOR, ALOJAMIENTO, DESHABILITADA) values (11, 81, '26/09/2018', 'Layne''s Ragwort', 23, 11, 0);
insert into OFERTAS (ID, COSTO, FECHARETIRO, NOMBRE, OPERADOR, ALOJAMIENTO, DESHABILITADA) values (12, 90, '27/09/2018', 'Red Quebracho', 6, 12, 1);
insert into OFERTAS (ID, COSTO, FECHARETIRO, NOMBRE, OPERADOR, ALOJAMIENTO, DESHABILITADA) values (13, 57, '26/09/2018', 'Manyflower Tonella', 39, 13, 1);
insert into OFERTAS (ID, COSTO, FECHARETIRO, NOMBRE, OPERADOR, ALOJAMIENTO, DESHABILITADA) values (14, 60, '26/09/2018', 'Hoary Tansyaster', 3, 14, 0);
insert into OFERTAS (ID, COSTO, FECHARETIRO, NOMBRE, OPERADOR, ALOJAMIENTO, DESHABILITADA) values (15, 83, '27/09/2018', 'Bear Mountain Milkweed', 26, 15, 1);
insert into OFERTAS (ID, COSTO, FECHARETIRO, NOMBRE, OPERADOR, ALOJAMIENTO, DESHABILITADA) values (16, 96, '27/09/2018', 'Florida Pondweed', 33, 16, 0);
insert into OFERTAS (ID, COSTO, FECHARETIRO, NOMBRE, OPERADOR, ALOJAMIENTO, DESHABILITADA) values (17, 66, '27/09/2018', 'Oysternut', 15, 17, 0);
insert into OFERTAS (ID, COSTO, FECHARETIRO, NOMBRE, OPERADOR, ALOJAMIENTO, DESHABILITADA) values (18, 92, '26/09/2018', 'Willowy Monardella', 15, 18, 1);
insert into OFERTAS (ID, COSTO, FECHARETIRO, NOMBRE, OPERADOR, ALOJAMIENTO, DESHABILITADA) values (19, 90, '26/09/2018', 'Rockface Yellow Loosestrife', 9, 19, 1);
insert into OFERTAS (ID, COSTO, FECHARETIRO, NOMBRE, OPERADOR, ALOJAMIENTO, DESHABILITADA) values (20, 74, '26/09/2018', 'Australian Water-clover', 7, 20, 1);
insert into OFERTAS (ID, COSTO, FECHARETIRO, NOMBRE, OPERADOR, ALOJAMIENTO, DESHABILITADA) values (21, 73, '26/09/2018', 'Veatch''s Dodder', 3, 21, 1);
insert into OFERTAS (ID, COSTO, FECHARETIRO, NOMBRE, OPERADOR, ALOJAMIENTO, DESHABILITADA) values (22, 62, '27/09/2018', 'Hartweg''s Locust', 5, 22, 0);
insert into OFERTAS (ID, COSTO, FECHARETIRO, NOMBRE, OPERADOR, ALOJAMIENTO, DESHABILITADA) values (23, 57, '27/09/2018', 'Talayote', 40, 23, 0);
insert into OFERTAS (ID, COSTO, FECHARETIRO, NOMBRE, OPERADOR, ALOJAMIENTO, DESHABILITADA) values (24, 53, '26/09/2018', 'Sasswood', 28, 24, 0);
insert into OFERTAS (ID, COSTO, FECHARETIRO, NOMBRE, OPERADOR, ALOJAMIENTO, DESHABILITADA) values (25, 93, '26/09/2018', 'Carquinez Goldenbush', 15, 25, 1);
insert into OFERTAS (ID, COSTO, FECHARETIRO, NOMBRE, OPERADOR, ALOJAMIENTO, DESHABILITADA) values (26, 84, '27/09/2018', 'Tahitian Screwpine', 28, 26, 0);
insert into OFERTAS (ID, COSTO, FECHARETIRO, NOMBRE, OPERADOR, ALOJAMIENTO, DESHABILITADA) values (27, 84, '27/09/2018', 'Sensitive Jointvetch', 16, 27, 0);
insert into OFERTAS (ID, COSTO, FECHARETIRO, NOMBRE, OPERADOR, ALOJAMIENTO, DESHABILITADA) values (28, 56, '26/09/2018', 'Santa Catalina Mariposa Lily', 22, 28, 1);
insert into OFERTAS (ID, COSTO, FECHARETIRO, NOMBRE, OPERADOR, ALOJAMIENTO, DESHABILITADA) values (29, 79, '26/09/2018', 'Heartleaf Skullcap', 17, 29, 0);
insert into OFERTAS (ID, COSTO, FECHARETIRO, NOMBRE, OPERADOR, ALOJAMIENTO, DESHABILITADA) values (30, 73, '26/09/2018', 'Asian Shortstem Sedge', 27, 30, 1);
insert into OFERTAS (ID, COSTO, FECHARETIRO, NOMBRE, OPERADOR, ALOJAMIENTO, DESHABILITADA) values (31, 67, '27/09/2018', 'Brickellbush Goldenweed', 22, 31, 1);
insert into OFERTAS (ID, COSTO, FECHARETIRO, NOMBRE, OPERADOR, ALOJAMIENTO, DESHABILITADA) values (32, 91, '26/09/2018', 'Hinchahuevos', 11, 32, 1);
insert into OFERTAS (ID, COSTO, FECHARETIRO, NOMBRE, OPERADOR, ALOJAMIENTO, DESHABILITADA) values (33, 60, '27/09/2018', 'Lady''s Tresses', 36, 33, 0);
insert into OFERTAS (ID, COSTO, FECHARETIRO, NOMBRE, OPERADOR, ALOJAMIENTO, DESHABILITADA) values (34, 63, '27/09/2018', 'Rock Quillwort', 29, 34, 0);
insert into OFERTAS (ID, COSTO, FECHARETIRO, NOMBRE, OPERADOR, ALOJAMIENTO, DESHABILITADA) values (35, 78, '27/09/2018', 'Hybrid Oak', 40, 35, 0);
insert into OFERTAS (ID, COSTO, FECHARETIRO, NOMBRE, OPERADOR, ALOJAMIENTO, DESHABILITADA) values (36, 95, '27/09/2018', 'Simpson''s Buckwheat', 32, 36, 0);
insert into OFERTAS (ID, COSTO, FECHARETIRO, NOMBRE, OPERADOR, ALOJAMIENTO, DESHABILITADA) values (37, 64, '26/09/2018', 'Lady Bird''s Centaury', 34, 37, 0);
insert into OFERTAS (ID, COSTO, FECHARETIRO, NOMBRE, OPERADOR, ALOJAMIENTO, DESHABILITADA) values (38, 65, '26/09/2018', 'Tiger Lily', 23, 38, 1);
insert into OFERTAS (ID, COSTO, FECHARETIRO, NOMBRE, OPERADOR, ALOJAMIENTO, DESHABILITADA) values (39, 90, '27/09/2018', 'Southwestern Pleatleaf', 23, 39, 0);
insert into OFERTAS (ID, COSTO, FECHARETIRO, NOMBRE, OPERADOR, ALOJAMIENTO, DESHABILITADA) values (40, 93, '27/09/2018', 'Piper''s Hawthorn', 16, 40, 0);
insert into OFERTAS (ID, COSTO, FECHARETIRO, NOMBRE, OPERADOR, ALOJAMIENTO, DESHABILITADA) values (41, 61, '27/09/2018', 'Pleatleaf Knotweed', 3, 41, 1);
insert into OFERTAS (ID, COSTO, FECHARETIRO, NOMBRE, OPERADOR, ALOJAMIENTO, DESHABILITADA) values (42, 86, '26/09/2018', 'Palo De Ramon', 40, 42, 1);
insert into OFERTAS (ID, COSTO, FECHARETIRO, NOMBRE, OPERADOR, ALOJAMIENTO, DESHABILITADA) values (43, 81, '27/09/2018', 'Marbleseed', 24, 43, 0);
insert into OFERTAS (ID, COSTO, FECHARETIRO, NOMBRE, OPERADOR, ALOJAMIENTO, DESHABILITADA) values (44, 98, '27/09/2018', 'Drepanocladus Moss', 28, 44, 1);
insert into OFERTAS (ID, COSTO, FECHARETIRO, NOMBRE, OPERADOR, ALOJAMIENTO, DESHABILITADA) values (45, 89, '27/09/2018', 'Great Smoky Mountain Mannagrass', 17, 45, 1);
insert into OFERTAS (ID, COSTO, FECHARETIRO, NOMBRE, OPERADOR, ALOJAMIENTO, DESHABILITADA) values (46, 55, '27/09/2018', 'Wildrye', 22, 46, 1);
insert into OFERTAS (ID, COSTO, FECHARETIRO, NOMBRE, OPERADOR, ALOJAMIENTO, DESHABILITADA) values (47, 68, '27/09/2018', 'Gladecress', 20, 47, 1);
insert into OFERTAS (ID, COSTO, FECHARETIRO, NOMBRE, OPERADOR, ALOJAMIENTO, DESHABILITADA) values (48, 70, '27/09/2018', 'Lanceleaf Goldenweed', 25, 48, 0);
insert into OFERTAS (ID, COSTO, FECHARETIRO, NOMBRE, OPERADOR, ALOJAMIENTO, DESHABILITADA) values (49, 77, '27/09/2018', 'Retama Prieta', 2, 49, 0);
insert into OFERTAS (ID, COSTO, FECHARETIRO, NOMBRE, OPERADOR, ALOJAMIENTO, DESHABILITADA) values (50, 77, '26/09/2018', 'Bryum Moss', 22, 50, 1);
insert into OFERTAS (ID, COSTO, FECHARETIRO, NOMBRE, OPERADOR, ALOJAMIENTO, DESHABILITADA) values (51, 79, '27/09/2018', 'Copeland''s Map Lichen', 18, 51, 0);
insert into OFERTAS (ID, COSTO, FECHARETIRO, NOMBRE, OPERADOR, ALOJAMIENTO, DESHABILITADA) values (52, 81, '26/09/2018', 'Hudson Bay Sedge', 32, 52, 1);
insert into OFERTAS (ID, COSTO, FECHARETIRO, NOMBRE, OPERADOR, ALOJAMIENTO, DESHABILITADA) values (53, 90, '27/09/2018', 'Oahu Flatsedge', 16, 53, 0);
insert into OFERTAS (ID, COSTO, FECHARETIRO, NOMBRE, OPERADOR, ALOJAMIENTO, DESHABILITADA) values (54, 69, '26/09/2018', 'Map Lichen', 7, 54, 1);
insert into OFERTAS (ID, COSTO, FECHARETIRO, NOMBRE, OPERADOR, ALOJAMIENTO, DESHABILITADA) values (55, 94, '27/09/2018', 'Cracked Lichen', 33, 55, 0);
insert into OFERTAS (ID, COSTO, FECHARETIRO, NOMBRE, OPERADOR, ALOJAMIENTO, DESHABILITADA) values (56, 88, '26/09/2018', 'Schaffner''s Hairsedge', 18, 56, 0);
insert into OFERTAS (ID, COSTO, FECHARETIRO, NOMBRE, OPERADOR, ALOJAMIENTO, DESHABILITADA) values (57, 89, '27/09/2018', 'Buxbaumia Moss', 29, 57, 0);
insert into OFERTAS (ID, COSTO, FECHARETIRO, NOMBRE, OPERADOR, ALOJAMIENTO, DESHABILITADA) values (58, 93, '26/09/2018', 'Meadowbeauty', 34, 58, 1);
insert into OFERTAS (ID, COSTO, FECHARETIRO, NOMBRE, OPERADOR, ALOJAMIENTO, DESHABILITADA) values (59, 78, '27/09/2018', 'Mosquito Bills', 20, 59, 0);
insert into OFERTAS (ID, COSTO, FECHARETIRO, NOMBRE, OPERADOR, ALOJAMIENTO, DESHABILITADA) values (60, 51, '26/09/2018', 'Newberry''s Cinquefoil', 23, 60, 0);
insert into OFERTAS (ID, COSTO, FECHARETIRO, NOMBRE, OPERADOR, ALOJAMIENTO, DESHABILITADA) values (61, 51, '27/09/2018', 'Wishbone Flower', 20, 61, 0);
insert into OFERTAS (ID, COSTO, FECHARETIRO, NOMBRE, OPERADOR, ALOJAMIENTO, DESHABILITADA) values (62, 93, '27/09/2018', 'Rufous Tiger Orchid', 21, 62, 1);
insert into OFERTAS (ID, COSTO, FECHARETIRO, NOMBRE, OPERADOR, ALOJAMIENTO, DESHABILITADA) values (63, 99, '27/09/2018', 'Erythrochlamys', 32, 63, 1);
insert into OFERTAS (ID, COSTO, FECHARETIRO, NOMBRE, OPERADOR, ALOJAMIENTO, DESHABILITADA) values (64, 94, '27/09/2018', 'Maryland Senna', 39, 64, 0);
insert into OFERTAS (ID, COSTO, FECHARETIRO, NOMBRE, OPERADOR, ALOJAMIENTO, DESHABILITADA) values (65, 61, '26/09/2018', 'Puerto Rico Creepingfern', 13, 65, 0);
insert into OFERTAS (ID, COSTO, FECHARETIRO, NOMBRE, OPERADOR, ALOJAMIENTO, DESHABILITADA) values (66, 53, '26/09/2018', 'Marietta Hawthorn', 3, 66, 0);
insert into OFERTAS (ID, COSTO, FECHARETIRO, NOMBRE, OPERADOR, ALOJAMIENTO, DESHABILITADA) values (67, 56, '26/09/2018', 'Konor Rhododendron', 26, 67, 1);
insert into OFERTAS (ID, COSTO, FECHARETIRO, NOMBRE, OPERADOR, ALOJAMIENTO, DESHABILITADA) values (68, 97, '27/09/2018', 'Annona', 25, 68, 0);
insert into OFERTAS (ID, COSTO, FECHARETIRO, NOMBRE, OPERADOR, ALOJAMIENTO, DESHABILITADA) values (69, 92, '27/09/2018', 'Barnacle Lichen', 6, 69, 0);
insert into OFERTAS (ID, COSTO, FECHARETIRO, NOMBRE, OPERADOR, ALOJAMIENTO, DESHABILITADA) values (70, 84, '27/09/2018', 'Climbing Cactus', 8, 70, 0);
insert into OFERTAS (ID, COSTO, FECHARETIRO, NOMBRE, OPERADOR, ALOJAMIENTO, DESHABILITADA) values (71, 84, '27/09/2018', 'Tiburon Jewelflower', 35, 71, 0);
insert into OFERTAS (ID, COSTO, FECHARETIRO, NOMBRE, OPERADOR, ALOJAMIENTO, DESHABILITADA) values (72, 73, '26/09/2018', 'California Black Oak', 2, 72, 1);
insert into OFERTAS (ID, COSTO, FECHARETIRO, NOMBRE, OPERADOR, ALOJAMIENTO, DESHABILITADA) values (73, 57, '27/09/2018', 'Linden''s Bloodleaf', 7, 73, 0);
insert into OFERTAS (ID, COSTO, FECHARETIRO, NOMBRE, OPERADOR, ALOJAMIENTO, DESHABILITADA) values (74, 57, '26/09/2018', 'Tuckerman''s Quillwort', 2, 74, 1);
insert into OFERTAS (ID, COSTO, FECHARETIRO, NOMBRE, OPERADOR, ALOJAMIENTO, DESHABILITADA) values (75, 77, '26/09/2018', 'Bluegrass', 32, 75, 1);
insert into OFERTAS (ID, COSTO, FECHARETIRO, NOMBRE, OPERADOR, ALOJAMIENTO, DESHABILITADA) values (76, 69, '26/09/2018', 'Cup Clover', 39, 76, 0);
insert into OFERTAS (ID, COSTO, FECHARETIRO, NOMBRE, OPERADOR, ALOJAMIENTO, DESHABILITADA) values (77, 52, '27/09/2018', 'Wartremoving Herb', 25, 77, 1);
insert into OFERTAS (ID, COSTO, FECHARETIRO, NOMBRE, OPERADOR, ALOJAMIENTO, DESHABILITADA) values (78, 54, '27/09/2018', 'Orange Lichen', 17, 78, 0);
insert into OFERTAS (ID, COSTO, FECHARETIRO, NOMBRE, OPERADOR, ALOJAMIENTO, DESHABILITADA) values (79, 86, '26/09/2018', 'Gravelbar Cryptantha', 25, 79, 1);
insert into OFERTAS (ID, COSTO, FECHARETIRO, NOMBRE, OPERADOR, ALOJAMIENTO, DESHABILITADA) values (80, 91, '26/09/2018', 'Atlantic Sphagnum', 19, 80, 1);
insert into OFERTAS (ID, COSTO, FECHARETIRO, NOMBRE, OPERADOR, ALOJAMIENTO, DESHABILITADA) values (81, 95, '27/09/2018', 'Mediterranean Sweetclover', 27, 81, 0);
insert into OFERTAS (ID, COSTO, FECHARETIRO, NOMBRE, OPERADOR, ALOJAMIENTO, DESHABILITADA) values (82, 90, '26/09/2018', 'Savannah-panicgrass', 27, 82, 1);
insert into OFERTAS (ID, COSTO, FECHARETIRO, NOMBRE, OPERADOR, ALOJAMIENTO, DESHABILITADA) values (83, 91, '26/09/2018', 'Bourgeau''s Nutrush', 4, 83, 1);
insert into OFERTAS (ID, COSTO, FECHARETIRO, NOMBRE, OPERADOR, ALOJAMIENTO, DESHABILITADA) values (84, 91, '26/09/2018', 'Pond Apple', 28, 84, 1);
insert into OFERTAS (ID, COSTO, FECHARETIRO, NOMBRE, OPERADOR, ALOJAMIENTO, DESHABILITADA) values (85, 94, '26/09/2018', 'American Nailwort', 16, 85, 1);
insert into OFERTAS (ID, COSTO, FECHARETIRO, NOMBRE, OPERADOR, ALOJAMIENTO, DESHABILITADA) values (86, 66, '27/09/2018', 'Wild Indigo', 23, 86, 0);
insert into OFERTAS (ID, COSTO, FECHARETIRO, NOMBRE, OPERADOR, ALOJAMIENTO, DESHABILITADA) values (87, 70, '27/09/2018', 'Burlew''s Onion', 14, 87, 0);
insert into OFERTAS (ID, COSTO, FECHARETIRO, NOMBRE, OPERADOR, ALOJAMIENTO, DESHABILITADA) values (88, 74, '27/09/2018', 'Aspalathus', 22, 88, 0);
insert into OFERTAS (ID, COSTO, FECHARETIRO, NOMBRE, OPERADOR, ALOJAMIENTO, DESHABILITADA) values (89, 95, '27/09/2018', 'Amaumau Fern', 8, 89, 1);
insert into OFERTAS (ID, COSTO, FECHARETIRO, NOMBRE, OPERADOR, ALOJAMIENTO, DESHABILITADA) values (90, 64, '26/09/2018', 'Trimmatothele Lichen', 25, 90, 1);
insert into OFERTAS (ID, COSTO, FECHARETIRO, NOMBRE, OPERADOR, ALOJAMIENTO, DESHABILITADA) values (91, 53, '26/09/2018', 'Coville''s Endolepis', 11, 91, 0);
insert into OFERTAS (ID, COSTO, FECHARETIRO, NOMBRE, OPERADOR, ALOJAMIENTO, DESHABILITADA) values (92, 92, '26/09/2018', 'Seacliff Beggarticks', 33, 92, 1);
insert into OFERTAS (ID, COSTO, FECHARETIRO, NOMBRE, OPERADOR, ALOJAMIENTO, DESHABILITADA) values (93, 89, '27/09/2018', 'Wire Sedge', 38, 93, 1);
insert into OFERTAS (ID, COSTO, FECHARETIRO, NOMBRE, OPERADOR, ALOJAMIENTO, DESHABILITADA) values (94, 70, '26/09/2018', 'Stiff Ticktrefoil', 8, 94, 1);
insert into OFERTAS (ID, COSTO, FECHARETIRO, NOMBRE, OPERADOR, ALOJAMIENTO, DESHABILITADA) values (95, 75, '26/09/2018', 'Slender Goldshower', 22, 95, 1);
insert into OFERTAS (ID, COSTO, FECHARETIRO, NOMBRE, OPERADOR, ALOJAMIENTO, DESHABILITADA) values (96, 72, '27/09/2018', 'Pacific Anemone', 33, 96, 0);
insert into OFERTAS (ID, COSTO, FECHARETIRO, NOMBRE, OPERADOR, ALOJAMIENTO, DESHABILITADA) values (97, 77, '26/09/2018', 'Mountain Muhly', 26, 97, 0);
insert into OFERTAS (ID, COSTO, FECHARETIRO, NOMBRE, OPERADOR, ALOJAMIENTO, DESHABILITADA) values (98, 82, '27/09/2018', 'Wachendorfia', 10, 98, 1);
insert into OFERTAS (ID, COSTO, FECHARETIRO, NOMBRE, OPERADOR, ALOJAMIENTO, DESHABILITADA) values (99, 83, '27/09/2018', 'Tortella Moss', 17, 99, 0);
insert into OFERTAS (ID, COSTO, FECHARETIRO, NOMBRE, OPERADOR, ALOJAMIENTO, DESHABILITADA) values (100, 99, '26/09/2018', 'Lancepod Draba', 35, 100, 1);
insert into OFERTAS (ID, COSTO, FECHARETIRO, NOMBRE, OPERADOR, ALOJAMIENTO, DESHABILITADA) values (101, 82, '27/09/2018', 'Calliergon Moss', 28, 101, 0);
insert into OFERTAS (ID, COSTO, FECHARETIRO, NOMBRE, OPERADOR, ALOJAMIENTO, DESHABILITADA) values (102, 93, '26/09/2018', 'Goldenrod', 20, 102, 0);
insert into OFERTAS (ID, COSTO, FECHARETIRO, NOMBRE, OPERADOR, ALOJAMIENTO, DESHABILITADA) values (103, 70, '27/09/2018', 'Longtube Cornsalad', 24, 103, 1);
insert into OFERTAS (ID, COSTO, FECHARETIRO, NOMBRE, OPERADOR, ALOJAMIENTO, DESHABILITADA) values (104, 95, '26/09/2018', 'Fendler''s Brachythecium Moss', 22, 104, 0);
insert into OFERTAS (ID, COSTO, FECHARETIRO, NOMBRE, OPERADOR, ALOJAMIENTO, DESHABILITADA) values (105, 93, '26/09/2018', 'Angled Mistletoe', 18, 105, 1);
insert into OFERTAS (ID, COSTO, FECHARETIRO, NOMBRE, OPERADOR, ALOJAMIENTO, DESHABILITADA) values (106, 95, '27/09/2018', 'Chilean Chess', 14, 106, 0);
insert into OFERTAS (ID, COSTO, FECHARETIRO, NOMBRE, OPERADOR, ALOJAMIENTO, DESHABILITADA) values (107, 75, '27/09/2018', 'Orange Lichen', 18, 107, 0);
insert into OFERTAS (ID, COSTO, FECHARETIRO, NOMBRE, OPERADOR, ALOJAMIENTO, DESHABILITADA) values (108, 82, '27/09/2018', 'California Broomrape', 6, 108, 1);
insert into OFERTAS (ID, COSTO, FECHARETIRO, NOMBRE, OPERADOR, ALOJAMIENTO, DESHABILITADA) values (109, 65, '27/09/2018', 'Flowering Quince', 34, 109, 0);
insert into OFERTAS (ID, COSTO, FECHARETIRO, NOMBRE, OPERADOR, ALOJAMIENTO, DESHABILITADA) values (110, 69, '27/09/2018', 'Flame Orchid', 23, 110, 0);
insert into OFERTAS (ID, COSTO, FECHARETIRO, NOMBRE, OPERADOR, ALOJAMIENTO, DESHABILITADA) values (111, 96, '26/09/2018', 'Waxleaf Penstemon', 23, 111, 0);
insert into OFERTAS (ID, COSTO, FECHARETIRO, NOMBRE, OPERADOR, ALOJAMIENTO, DESHABILITADA) values (112, 87, '26/09/2018', 'Hesperoyucca', 11, 112, 1);
insert into OFERTAS (ID, COSTO, FECHARETIRO, NOMBRE, OPERADOR, ALOJAMIENTO, DESHABILITADA) values (113, 97, '27/09/2018', 'Velvet Phyllostegia', 26, 113, 0);
insert into OFERTAS (ID, COSTO, FECHARETIRO, NOMBRE, OPERADOR, ALOJAMIENTO, DESHABILITADA) values (114, 64, '27/09/2018', 'Sculptured Popcornflower', 7, 114, 1);
insert into OFERTAS (ID, COSTO, FECHARETIRO, NOMBRE, OPERADOR, ALOJAMIENTO, DESHABILITADA) values (115, 80, '26/09/2018', 'Fairybit Maiden Fern', 18, 115, 1);
insert into OFERTAS (ID, COSTO, FECHARETIRO, NOMBRE, OPERADOR, ALOJAMIENTO, DESHABILITADA) values (116, 78, '26/09/2018', 'Dot Lichen', 36, 116, 0);
insert into OFERTAS (ID, COSTO, FECHARETIRO, NOMBRE, OPERADOR, ALOJAMIENTO, DESHABILITADA) values (117, 95, '26/09/2018', 'Bigelow''s Monkeyflower', 12, 117, 0);
insert into OFERTAS (ID, COSTO, FECHARETIRO, NOMBRE, OPERADOR, ALOJAMIENTO, DESHABILITADA) values (118, 72, '26/09/2018', 'Birdfoot Checkerbloom', 17, 118, 1);
insert into OFERTAS (ID, COSTO, FECHARETIRO, NOMBRE, OPERADOR, ALOJAMIENTO, DESHABILITADA) values (119, 70, '26/09/2018', 'Hamilton''s Spindletree', 4, 119, 0);
insert into OFERTAS (ID, COSTO, FECHARETIRO, NOMBRE, OPERADOR, ALOJAMIENTO, DESHABILITADA) values (120, 62, '26/09/2018', 'Masterwort', 5, 120, 1);
insert into OFERTAS (ID, COSTO, FECHARETIRO, NOMBRE, OPERADOR, ALOJAMIENTO, DESHABILITADA) values (121, 100, '26/09/2018', 'Hanaupah Rockdaisy', 4, 121, 1);
insert into OFERTAS (ID, COSTO, FECHARETIRO, NOMBRE, OPERADOR, ALOJAMIENTO, DESHABILITADA) values (122, 61, '26/09/2018', 'Rosemary-mint', 37, 122, 0);
insert into OFERTAS (ID, COSTO, FECHARETIRO, NOMBRE, OPERADOR, ALOJAMIENTO, DESHABILITADA) values (123, 56, '26/09/2018', 'Cream Cinquefoil', 19, 123, 1);
insert into OFERTAS (ID, COSTO, FECHARETIRO, NOMBRE, OPERADOR, ALOJAMIENTO, DESHABILITADA) values (124, 60, '26/09/2018', 'Scrambling Nightshade', 15, 124, 0);
insert into OFERTAS (ID, COSTO, FECHARETIRO, NOMBRE, OPERADOR, ALOJAMIENTO, DESHABILITADA) values (125, 85, '26/09/2018', 'Bog White Violet', 15, 125, 1);
insert into OFERTAS (ID, COSTO, FECHARETIRO, NOMBRE, OPERADOR, ALOJAMIENTO, DESHABILITADA) values (126, 71, '27/09/2018', 'Hairystem Dwarf Rush', 34, 126, 1);
insert into OFERTAS (ID, COSTO, FECHARETIRO, NOMBRE, OPERADOR, ALOJAMIENTO, DESHABILITADA) values (127, 50, '26/09/2018', 'Roundleaf Thoroughwort', 8, 127, 1);
insert into OFERTAS (ID, COSTO, FECHARETIRO, NOMBRE, OPERADOR, ALOJAMIENTO, DESHABILITADA) values (128, 66, '27/09/2018', 'Tamaulipas Amaranth', 1, 128, 0);
insert into OFERTAS (ID, COSTO, FECHARETIRO, NOMBRE, OPERADOR, ALOJAMIENTO, DESHABILITADA) values (129, 66, '27/09/2018', 'Micropholis', 13, 129, 0);
insert into OFERTAS (ID, COSTO, FECHARETIRO, NOMBRE, OPERADOR, ALOJAMIENTO, DESHABILITADA) values (130, 51, '26/09/2018', 'Trelease''s Milkvetch', 36, 130, 1);
insert into OFERTAS (ID, COSTO, FECHARETIRO, NOMBRE, OPERADOR, ALOJAMIENTO, DESHABILITADA) values (131, 79, '26/09/2018', 'River Peppermint Gum', 30, 131, 0);
insert into OFERTAS (ID, COSTO, FECHARETIRO, NOMBRE, OPERADOR, ALOJAMIENTO, DESHABILITADA) values (132, 61, '26/09/2018', 'Shiny Chickweed', 37, 132, 0);
insert into OFERTAS (ID, COSTO, FECHARETIRO, NOMBRE, OPERADOR, ALOJAMIENTO, DESHABILITADA) values (133, 77, '26/09/2018', 'Islandfern', 6, 133, 1);
insert into OFERTAS (ID, COSTO, FECHARETIRO, NOMBRE, OPERADOR, ALOJAMIENTO, DESHABILITADA) values (134, 76, '27/09/2018', 'False Toadflax', 6, 134, 1);
insert into OFERTAS (ID, COSTO, FECHARETIRO, NOMBRE, OPERADOR, ALOJAMIENTO, DESHABILITADA) values (135, 98, '27/09/2018', 'Weed''s Mariposa Lily', 21, 135, 0);
insert into OFERTAS (ID, COSTO, FECHARETIRO, NOMBRE, OPERADOR, ALOJAMIENTO, DESHABILITADA) values (136, 81, '27/09/2018', 'Little Evening Primrose', 2, 136, 0);
insert into OFERTAS (ID, COSTO, FECHARETIRO, NOMBRE, OPERADOR, ALOJAMIENTO, DESHABILITADA) values (137, 96, '27/09/2018', 'Woolly Paperflower', 30, 137, 1);
insert into OFERTAS (ID, COSTO, FECHARETIRO, NOMBRE, OPERADOR, ALOJAMIENTO, DESHABILITADA) values (138, 77, '27/09/2018', 'Pore Lichen', 37, 138, 1);
insert into OFERTAS (ID, COSTO, FECHARETIRO, NOMBRE, OPERADOR, ALOJAMIENTO, DESHABILITADA) values (139, 95, '26/09/2018', 'Cismontane Minuartia', 40, 139, 0);
insert into OFERTAS (ID, COSTO, FECHARETIRO, NOMBRE, OPERADOR, ALOJAMIENTO, DESHABILITADA) values (140, 86, '27/09/2018', 'Shortspur Seablush', 23, 140, 1);
insert into OFERTAS (ID, COSTO, FECHARETIRO, NOMBRE, OPERADOR, ALOJAMIENTO, DESHABILITADA) values (141, 69, '27/09/2018', 'Creeping Maiden Fern', 21, 141, 1);
insert into OFERTAS (ID, COSTO, FECHARETIRO, NOMBRE, OPERADOR, ALOJAMIENTO, DESHABILITADA) values (142, 91, '26/09/2018', 'Hybrid Violet', 10, 142, 1);
insert into OFERTAS (ID, COSTO, FECHARETIRO, NOMBRE, OPERADOR, ALOJAMIENTO, DESHABILITADA) values (143, 91, '27/09/2018', 'Twayblade', 6, 143, 1);
insert into OFERTAS (ID, COSTO, FECHARETIRO, NOMBRE, OPERADOR, ALOJAMIENTO, DESHABILITADA) values (144, 54, '26/09/2018', 'Diamondleaf Willow', 21, 144, 0);
insert into OFERTAS (ID, COSTO, FECHARETIRO, NOMBRE, OPERADOR, ALOJAMIENTO, DESHABILITADA) values (145, 84, '26/09/2018', 'American Hornbeam', 37, 145, 1);
insert into OFERTAS (ID, COSTO, FECHARETIRO, NOMBRE, OPERADOR, ALOJAMIENTO, DESHABILITADA) values (146, 87, '27/09/2018', 'Dicranum Moss', 5, 146, 1);
insert into OFERTAS (ID, COSTO, FECHARETIRO, NOMBRE, OPERADOR, ALOJAMIENTO, DESHABILITADA) values (147, 58, '27/09/2018', 'Sedge', 16, 147, 1);
insert into OFERTAS (ID, COSTO, FECHARETIRO, NOMBRE, OPERADOR, ALOJAMIENTO, DESHABILITADA) values (148, 81, '26/09/2018', 'Flatsedge', 25, 148, 1);
insert into OFERTAS (ID, COSTO, FECHARETIRO, NOMBRE, OPERADOR, ALOJAMIENTO, DESHABILITADA) values (149, 65, '26/09/2018', 'Rattail Grass', 23, 149, 0);
insert into OFERTAS (ID, COSTO, FECHARETIRO, NOMBRE, OPERADOR, ALOJAMIENTO, DESHABILITADA) values (150, 73, '26/09/2018', 'Oblongleaf Basindaisy', 33, 150, 1);
insert into OFERTAS (ID, COSTO, FECHARETIRO, NOMBRE, OPERADOR, ALOJAMIENTO, DESHABILITADA) values (151, 79, '27/09/2018', 'Wild Cucumber', 38, 151, 0);
insert into OFERTAS (ID, COSTO, FECHARETIRO, NOMBRE, OPERADOR, ALOJAMIENTO, DESHABILITADA) values (152, 86, '26/09/2018', 'Pale Gentian', 13, 152, 0);
insert into OFERTAS (ID, COSTO, FECHARETIRO, NOMBRE, OPERADOR, ALOJAMIENTO, DESHABILITADA) values (153, 98, '27/09/2018', 'Cache Valley Buckwheat', 15, 153, 0);
insert into OFERTAS (ID, COSTO, FECHARETIRO, NOMBRE, OPERADOR, ALOJAMIENTO, DESHABILITADA) values (154, 91, '27/09/2018', 'Maricopa Xanthoparmelia Lichen', 33, 154, 1);
insert into OFERTAS (ID, COSTO, FECHARETIRO, NOMBRE, OPERADOR, ALOJAMIENTO, DESHABILITADA) values (155, 80, '26/09/2018', 'Fineleaf Fournerved Daisy', 10, 155, 1);
insert into OFERTAS (ID, COSTO, FECHARETIRO, NOMBRE, OPERADOR, ALOJAMIENTO, DESHABILITADA) values (156, 54, '27/09/2018', '''aku', 14, 156, 1);
insert into OFERTAS (ID, COSTO, FECHARETIRO, NOMBRE, OPERADOR, ALOJAMIENTO, DESHABILITADA) values (157, 64, '26/09/2018', 'Shade Mudflower', 7, 157, 0);


select * from reservas ;


insert into RESERVAS (ID, COBRO, FECHAREALIZACION, FECHAINICIO, FECHAFIN, PERSONAS, OPERADOR, OFERTA, CLIENTE, ESTADO, IDMAESTRO) values (1, 301, '18/06/2018', '22/07/2018', '07/11/2018', 4, 37, 112, 5, 'terminada', null);
insert into RESERVAS (ID, COBRO, FECHAREALIZACION, FECHAINICIO, FECHAFIN, PERSONAS, OPERADOR, OFERTA, CLIENTE, ESTADO, IDMAESTRO) values (2, 569, '19/04/2018', '21/08/2018', '24/11/2018', 4, 29, 130, 23, 'activa', null);
insert into RESERVAS (ID, COBRO, FECHAREALIZACION, FECHAINICIO, FECHAFIN, PERSONAS, OPERADOR, OFERTA, CLIENTE, ESTADO, IDMAESTRO) values (3, 289, '09/05/2018', '11/08/2018', '28/10/2018', 2, 32, 38, 3, 'cancelada', null);
insert into RESERVAS (ID, COBRO, FECHAREALIZACION, FECHAINICIO, FECHAFIN, PERSONAS, OPERADOR, OFERTA, CLIENTE, ESTADO, IDMAESTRO) values (4, 467, '27/04/2018', '29/07/2018', '12/11/2018', 4, 18, 120, 5, 'cancelada', null);
insert into RESERVAS (ID, COBRO, FECHAREALIZACION, FECHAINICIO, FECHAFIN, PERSONAS, OPERADOR, OFERTA, CLIENTE, ESTADO, IDMAESTRO) values (5, 603, '26/06/2018', '09/08/2018', '23/10/2018', 3, 2, 114, 20, 'terminada', null);
insert into RESERVAS (ID, COBRO, FECHAREALIZACION, FECHAINICIO, FECHAFIN, PERSONAS, OPERADOR, OFERTA, CLIENTE, ESTADO, IDMAESTRO) values (6, 145, '06/06/2018', '21/08/2018', '24/11/2018', 4, 8, 84, 22, 'terminada', null);
insert into RESERVAS (ID, COBRO, FECHAREALIZACION, FECHAINICIO, FECHAFIN, PERSONAS, OPERADOR, OFERTA, CLIENTE, ESTADO, IDMAESTRO) values (7, 477, '05/05/2018', '20/07/2018', '24/11/2018', 1, 12, 96, 13, 'terminada', null);
insert into RESERVAS (ID, COBRO, FECHAREALIZACION, FECHAINICIO, FECHAFIN, PERSONAS, OPERADOR, OFERTA, CLIENTE, ESTADO, IDMAESTRO) values (8, 111, '01/07/2018', '20/07/2018', '28/09/2018', 2, 20, 76, 23, 'terminada', null);
insert into RESERVAS (ID, COBRO, FECHAREALIZACION, FECHAINICIO, FECHAFIN, PERSONAS, OPERADOR, OFERTA, CLIENTE, ESTADO, IDMAESTRO) values (9, 548, '30/05/2018', '08/09/2018', '13/10/2018', 3, 33, 157, 16, 'activa', null);
insert into RESERVAS (ID, COBRO, FECHAREALIZACION, FECHAINICIO, FECHAFIN, PERSONAS, OPERADOR, OFERTA, CLIENTE, ESTADO, IDMAESTRO) values (10, 413, '19/06/2018', '20/07/2018', '27/09/2018', 4, 24, 156, 5, 'terminada', null);
insert into RESERVAS (ID, COBRO, FECHAREALIZACION, FECHAINICIO, FECHAFIN, PERSONAS, OPERADOR, OFERTA, CLIENTE, ESTADO, IDMAESTRO) values (11, 594, '09/06/2018', '11/08/2018', '13/11/2018', 4, 6, 29, 22, 'terminada', null);
insert into RESERVAS (ID, COBRO, FECHAREALIZACION, FECHAINICIO, FECHAFIN, PERSONAS, OPERADOR, OFERTA, CLIENTE, ESTADO, IDMAESTRO) values (12, 649, '27/05/2018', '31/08/2018', '14/11/2018', 1, 7, 51, 16, 'terminada', null);
insert into RESERVAS (ID, COBRO, FECHAREALIZACION, FECHAINICIO, FECHAFIN, PERSONAS, OPERADOR, OFERTA, CLIENTE, ESTADO, IDMAESTRO) values (13, 784, '28/06/2018', '16/07/2018', '12/11/2018', 1, 34, 29, 19, 'activa', null);
insert into RESERVAS (ID, COBRO, FECHAREALIZACION, FECHAINICIO, FECHAFIN, PERSONAS, OPERADOR, OFERTA, CLIENTE, ESTADO, IDMAESTRO) values (14, 595, '10/05/2018', '17/08/2018', '21/11/2018', 4, 19, 33, 2, 'terminada', null);
insert into RESERVAS (ID, COBRO, FECHAREALIZACION, FECHAINICIO, FECHAFIN, PERSONAS, OPERADOR, OFERTA, CLIENTE, ESTADO, IDMAESTRO) values (15, 753, '01/07/2018', '17/07/2018', '07/10/2018', 4, 15, 143, 19, 'terminada', null);
insert into RESERVAS (ID, COBRO, FECHAREALIZACION, FECHAINICIO, FECHAFIN, PERSONAS, OPERADOR, OFERTA, CLIENTE, ESTADO, IDMAESTRO) values (16, 821, '07/06/2018', '21/08/2018', '15/10/2018', 3, 5, 119, 20, 'activa', null);
insert into RESERVAS (ID, COBRO, FECHAREALIZACION, FECHAINICIO, FECHAFIN, PERSONAS, OPERADOR, OFERTA, CLIENTE, ESTADO, IDMAESTRO) values (17, 540, '01/05/2018', '04/09/2018', '03/10/2018', 1, 15, 74, 21, 'terminada', null);
insert into RESERVAS (ID, COBRO, FECHAREALIZACION, FECHAINICIO, FECHAFIN, PERSONAS, OPERADOR, OFERTA, CLIENTE, ESTADO, IDMAESTRO) values (18, 276, '17/06/2018', '29/08/2018', '13/11/2018', 3, 8, 131, 15, 'cancelada', null);
insert into RESERVAS (ID, COBRO, FECHAREALIZACION, FECHAINICIO, FECHAFIN, PERSONAS, OPERADOR, OFERTA, CLIENTE, ESTADO, IDMAESTRO) values (19, 275, '20/05/2018', '23/07/2018', '16/11/2018', 1, 19, 79, 16, 'cancelada', null);
insert into RESERVAS (ID, COBRO, FECHAREALIZACION, FECHAINICIO, FECHAFIN, PERSONAS, OPERADOR, OFERTA, CLIENTE, ESTADO, IDMAESTRO) values (20, 217, '06/06/2018', '17/07/2018', '16/11/2018', 2, 29, 46, 2, 'terminada', null);
insert into RESERVAS (ID, COBRO, FECHAREALIZACION, FECHAINICIO, FECHAFIN, PERSONAS, OPERADOR, OFERTA, CLIENTE, ESTADO, IDMAESTRO) values (21, 735, '09/05/2018', '26/08/2018', '16/10/2018', 1, 30, 77, 21, 'terminada', null);
insert into RESERVAS (ID, COBRO, FECHAREALIZACION, FECHAINICIO, FECHAFIN, PERSONAS, OPERADOR, OFERTA, CLIENTE, ESTADO, IDMAESTRO) values (22, 297, '28/04/2018', '18/08/2018', '04/10/2018', 1, 14, 123, 5, 'cancelada', null);
insert into RESERVAS (ID, COBRO, FECHAREALIZACION, FECHAINICIO, FECHAFIN, PERSONAS, OPERADOR, OFERTA, CLIENTE, ESTADO, IDMAESTRO) values (23, 139, '06/06/2018', '26/07/2018', '24/11/2018', 4, 24, 108, 10, 'terminada', null);
insert into RESERVAS (ID, COBRO, FECHAREALIZACION, FECHAINICIO, FECHAFIN, PERSONAS, OPERADOR, OFERTA, CLIENTE, ESTADO, IDMAESTRO) values (24, 632, '24/04/2018', '14/08/2018', '11/10/2018', 1, 4, 75, 6, 'terminada', null);
insert into RESERVAS (ID, COBRO, FECHAREALIZACION, FECHAINICIO, FECHAFIN, PERSONAS, OPERADOR, OFERTA, CLIENTE, ESTADO, IDMAESTRO) values (25, 225, '15/05/2018', '26/07/2018', '23/10/2018', 3, 40, 7, 18, 'activa', null);
insert into RESERVAS (ID, COBRO, FECHAREALIZACION, FECHAINICIO, FECHAFIN, PERSONAS, OPERADOR, OFERTA, CLIENTE, ESTADO, IDMAESTRO) values (26, 654, '24/05/2018', '16/07/2018', '29/09/2018', 3, 19, 75, 22, 'cancelada', null);
insert into RESERVAS (ID, COBRO, FECHAREALIZACION, FECHAINICIO, FECHAFIN, PERSONAS, OPERADOR, OFERTA, CLIENTE, ESTADO, IDMAESTRO) values (27, 520, '29/05/2018', '18/07/2018', '26/11/2018', 2, 14, 61, 1, 'terminada', null);
insert into RESERVAS (ID, COBRO, FECHAREALIZACION, FECHAINICIO, FECHAFIN, PERSONAS, OPERADOR, OFERTA, CLIENTE, ESTADO, IDMAESTRO) values (28, 202, '14/05/2018', '12/07/2018', '27/10/2018', 3, 11, 4, 14, 'terminada', null);
insert into RESERVAS (ID, COBRO, FECHAREALIZACION, FECHAINICIO, FECHAFIN, PERSONAS, OPERADOR, OFERTA, CLIENTE, ESTADO, IDMAESTRO) values (29, 717, '19/05/2018', '09/07/2018', '11/10/2018', 1, 40, 146, 8, 'terminada', null);
insert into RESERVAS (ID, COBRO, FECHAREALIZACION, FECHAINICIO, FECHAFIN, PERSONAS, OPERADOR, OFERTA, CLIENTE, ESTADO, IDMAESTRO) values (30, 568, '26/04/2018', '04/08/2018', '22/11/2018', 4, 22, 124, 1, 'activa', null);
insert into RESERVAS (ID, COBRO, FECHAREALIZACION, FECHAINICIO, FECHAFIN, PERSONAS, OPERADOR, OFERTA, CLIENTE, ESTADO, IDMAESTRO) values (31, 624, '02/05/2018', '22/08/2018', '05/11/2018', 3, 3, 42, 16, 'terminada', null);
insert into RESERVAS (ID, COBRO, FECHAREALIZACION, FECHAINICIO, FECHAFIN, PERSONAS, OPERADOR, OFERTA, CLIENTE, ESTADO, IDMAESTRO) values (32, 707, '31/05/2018', '18/07/2018', '17/10/2018', 3, 2, 57, 21, 'activa', null);
insert into RESERVAS (ID, COBRO, FECHAREALIZACION, FECHAINICIO, FECHAFIN, PERSONAS, OPERADOR, OFERTA, CLIENTE, ESTADO, IDMAESTRO) values (33, 574, '12/06/2018', '13/08/2018', '09/11/2018', 3, 20, 148, 4, 'cancelada', null);
insert into RESERVAS (ID, COBRO, FECHAREALIZACION, FECHAINICIO, FECHAFIN, PERSONAS, OPERADOR, OFERTA, CLIENTE, ESTADO, IDMAESTRO) values (34, 618, '21/04/2018', '16/08/2018', '10/11/2018', 3, 34, 30, 19, 'terminada', null);
insert into RESERVAS (ID, COBRO, FECHAREALIZACION, FECHAINICIO, FECHAFIN, PERSONAS, OPERADOR, OFERTA, CLIENTE, ESTADO, IDMAESTRO) values (35, 618, '21/05/2018', '08/08/2018', '02/10/2018', 4, 39, 16, 13, 'terminada', null);
insert into RESERVAS (ID, COBRO, FECHAREALIZACION, FECHAINICIO, FECHAFIN, PERSONAS, OPERADOR, OFERTA, CLIENTE, ESTADO, IDMAESTRO) values (36, 219, '04/06/2018', '19/07/2018', '28/11/2018', 2, 28, 124, 3, 'cancelada', null);
insert into RESERVAS (ID, COBRO, FECHAREALIZACION, FECHAINICIO, FECHAFIN, PERSONAS, OPERADOR, OFERTA, CLIENTE, ESTADO, IDMAESTRO) values (37, 271, '30/06/2018', '03/09/2018', '24/11/2018', 4, 19, 132, 11, 'terminada', null);
insert into RESERVAS (ID, COBRO, FECHAREALIZACION, FECHAINICIO, FECHAFIN, PERSONAS, OPERADOR, OFERTA, CLIENTE, ESTADO, IDMAESTRO) values (38, 645, '20/04/2018', '01/08/2018', '07/10/2018', 1, 30, 76, 11, 'cancelada', null);
insert into RESERVAS (ID, COBRO, FECHAREALIZACION, FECHAINICIO, FECHAFIN, PERSONAS, OPERADOR, OFERTA, CLIENTE, ESTADO, IDMAESTRO) values (39, 173, '18/06/2018', '04/08/2018', '23/11/2018', 1, 18, 139, 2, 'activa', null);
insert into RESERVAS (ID, COBRO, FECHAREALIZACION, FECHAINICIO, FECHAFIN, PERSONAS, OPERADOR, OFERTA, CLIENTE, ESTADO, IDMAESTRO) values (40, 836, '30/06/2018', '30/08/2018', '08/11/2018', 4, 39, 80, 7, 'cancelada', null);
insert into RESERVAS (ID, COBRO, FECHAREALIZACION, FECHAINICIO, FECHAFIN, PERSONAS, OPERADOR, OFERTA, CLIENTE, ESTADO, IDMAESTRO) values (41, 320, '13/05/2018', '28/07/2018', '07/10/2018', 2, 6, 55, 14, 'activa', null);
insert into RESERVAS (ID, COBRO, FECHAREALIZACION, FECHAINICIO, FECHAFIN, PERSONAS, OPERADOR, OFERTA, CLIENTE, ESTADO, IDMAESTRO) values (42, 408, '18/05/2018', '26/07/2018', '26/11/2018', 1, 30, 50, 4, 'terminada', null);
insert into RESERVAS (ID, COBRO, FECHAREALIZACION, FECHAINICIO, FECHAFIN, PERSONAS, OPERADOR, OFERTA, CLIENTE, ESTADO, IDMAESTRO) values (43, 472, '30/06/2018', '20/08/2018', '02/10/2018', 2, 12, 126, 3, 'terminada', null);
insert into RESERVAS (ID, COBRO, FECHAREALIZACION, FECHAINICIO, FECHAFIN, PERSONAS, OPERADOR, OFERTA, CLIENTE, ESTADO, IDMAESTRO) values (44, 785, '05/05/2018', '05/08/2018', '25/11/2018', 2, 22, 76, 8, 'terminada', null);
insert into RESERVAS (ID, COBRO, FECHAREALIZACION, FECHAINICIO, FECHAFIN, PERSONAS, OPERADOR, OFERTA, CLIENTE, ESTADO, IDMAESTRO) values (45, 568, '01/05/2018', '20/08/2018', '24/11/2018', 3, 23, 129, 19, 'terminada', null);
insert into RESERVAS (ID, COBRO, FECHAREALIZACION, FECHAINICIO, FECHAFIN, PERSONAS, OPERADOR, OFERTA, CLIENTE, ESTADO, IDMAESTRO) values (46, 533, '19/05/2018', '22/07/2018', '17/11/2018', 4, 38, 79, 25, 'activa', null);
insert into RESERVAS (ID, COBRO, FECHAREALIZACION, FECHAINICIO, FECHAFIN, PERSONAS, OPERADOR, OFERTA, CLIENTE, ESTADO, IDMAESTRO) values (47, 372, '09/05/2018', '18/07/2018', '02/10/2018', 2, 2, 8, 6, 'terminada', null);
insert into RESERVAS (ID, COBRO, FECHAREALIZACION, FECHAINICIO, FECHAFIN, PERSONAS, OPERADOR, OFERTA, CLIENTE, ESTADO, IDMAESTRO) values (48, 482, '01/05/2018', '19/07/2018', '20/10/2018', 1, 9, 94, 15, 'cancelada', null);
insert into RESERVAS (ID, COBRO, FECHAREALIZACION, FECHAINICIO, FECHAFIN, PERSONAS, OPERADOR, OFERTA, CLIENTE, ESTADO, IDMAESTRO) values (49, 510, '25/06/2018', '29/07/2018', '23/11/2018', 4, 18, 150, 13, 'cancelada', null);
insert into RESERVAS (ID, COBRO, FECHAREALIZACION, FECHAINICIO, FECHAFIN, PERSONAS, OPERADOR, OFERTA, CLIENTE, ESTADO, IDMAESTRO) values (50, 815, '22/05/2018', '25/08/2018', '02/11/2018', 1, 37, 41, 19, 'terminada', null);


insert into SERVICIOS (ID, COSTO, DESCRIPCION, NOMBRE, OFERTA) values (1, 72, 'Outdoors', 'internetgimnasio', 1);
insert into SERVICIOS (ID, COSTO, DESCRIPCION, NOMBRE, OFERTA) values (2, 70, 'Garden', 'televisionrestaurante', 2);
insert into SERVICIOS (ID, COSTO, DESCRIPCION, NOMBRE, OFERTA) values (3, 92, 'Grocery', 'internetinternet', 3);
insert into SERVICIOS (ID, COSTO, DESCRIPCION, NOMBRE, OFERTA) values (4, 85, 'Clothing', 'gimnasiogimnasio', 4);
insert into SERVICIOS (ID, COSTO, DESCRIPCION, NOMBRE, OFERTA) values (5, 89, 'Health', 'restauranteinternet', 5);
insert into SERVICIOS (ID, COSTO, DESCRIPCION, NOMBRE, OFERTA) values (6, 33, 'Baby', 'televisiongimnasio', 6);
insert into SERVICIOS (ID, COSTO, DESCRIPCION, NOMBRE, OFERTA) values (7, 100, 'Industrial', 'gimnasiorestaurante', 7);
insert into SERVICIOS (ID, COSTO, DESCRIPCION, NOMBRE, OFERTA) values (8, 31, 'Clothing', 'gimnasiointernet', 8);
insert into SERVICIOS (ID, COSTO, DESCRIPCION, NOMBRE, OFERTA) values (9, 86, 'Home', 'gimnasiogimnasio', 9);
insert into SERVICIOS (ID, COSTO, DESCRIPCION, NOMBRE, OFERTA) values (10, 40, 'Movies', 'gimnasiorestaurante', 10);
insert into SERVICIOS (ID, COSTO, DESCRIPCION, NOMBRE, OFERTA) values (11, 43, 'Movies', 'televisioninternet', 11);
insert into SERVICIOS (ID, COSTO, DESCRIPCION, NOMBRE, OFERTA) values (12, 93, 'Health', 'internetgimnasio', 12);
insert into SERVICIOS (ID, COSTO, DESCRIPCION, NOMBRE, OFERTA) values (13, 42, 'Home', 'televisiongimnasio', 13);
insert into SERVICIOS (ID, COSTO, DESCRIPCION, NOMBRE, OFERTA) values (14, 90, 'Automotive', 'gimnasiointernet', 14);
insert into SERVICIOS (ID, COSTO, DESCRIPCION, NOMBRE, OFERTA) values (15, 86, 'Books', 'gimnasiogimnasio', 15);
insert into SERVICIOS (ID, COSTO, DESCRIPCION, NOMBRE, OFERTA) values (16, 87, 'Tools', 'gimnasiorestaurante', 16);
insert into SERVICIOS (ID, COSTO, DESCRIPCION, NOMBRE, OFERTA) values (17, 25, 'Grocery', 'restauranteinternet', 17);
insert into SERVICIOS (ID, COSTO, DESCRIPCION, NOMBRE, OFERTA) values (18, 30, 'Music', 'restaurantegimnasio', 18);
insert into SERVICIOS (ID, COSTO, DESCRIPCION, NOMBRE, OFERTA) values (19, 80, 'Automotive', 'gimnasiogimnasio', 19);
insert into SERVICIOS (ID, COSTO, DESCRIPCION, NOMBRE, OFERTA) values (20, 53, 'Toys', 'restaurantegimnasio', 20);
insert into SERVICIOS (ID, COSTO, DESCRIPCION, NOMBRE, OFERTA) values (21, 91, 'Sports', 'restaurantegimnasio', 21);
insert into SERVICIOS (ID, COSTO, DESCRIPCION, NOMBRE, OFERTA) values (22, 57, 'Sports', 'gimnasiorestaurante', 22);
insert into SERVICIOS (ID, COSTO, DESCRIPCION, NOMBRE, OFERTA) values (23, 37, 'Sports', 'restauranteinternet', 23);
insert into SERVICIOS (ID, COSTO, DESCRIPCION, NOMBRE, OFERTA) values (24, 26, 'Tools', 'restaurantegimnasio', 24);
insert into SERVICIOS (ID, COSTO, DESCRIPCION, NOMBRE, OFERTA) values (25, 67, 'Clothing', 'restauranteinternet', 25);
insert into SERVICIOS (ID, COSTO, DESCRIPCION, NOMBRE, OFERTA) values (26, 78, 'Computers', 'restauranterestaurante', 26);
insert into SERVICIOS (ID, COSTO, DESCRIPCION, NOMBRE, OFERTA) values (27, 94, 'Garden', 'televisiongimnasio', 27);
insert into SERVICIOS (ID, COSTO, DESCRIPCION, NOMBRE, OFERTA) values (28, 67, 'Toys', 'gimnasiogimnasio', 28);
insert into SERVICIOS (ID, COSTO, DESCRIPCION, NOMBRE, OFERTA) values (29, 36, 'Health', 'gimnasiorestaurante', 29);
insert into SERVICIOS (ID, COSTO, DESCRIPCION, NOMBRE, OFERTA) values (30, 99, 'Beauty', 'internetinternet', 30);
insert into SERVICIOS (ID, COSTO, DESCRIPCION, NOMBRE, OFERTA) values (31, 100, 'Baby', 'gimnasiogimnasio', 31);
insert into SERVICIOS (ID, COSTO, DESCRIPCION, NOMBRE, OFERTA) values (32, 76, 'Automotive', 'gimnasiogimnasio', 32);
insert into SERVICIOS (ID, COSTO, DESCRIPCION, NOMBRE, OFERTA) values (33, 71, 'Outdoors', 'gimnasiogimnasio', 33);
insert into SERVICIOS (ID, COSTO, DESCRIPCION, NOMBRE, OFERTA) values (34, 26, 'Shoes', 'restaurantegimnasio', 34);
insert into SERVICIOS (ID, COSTO, DESCRIPCION, NOMBRE, OFERTA) values (35, 59, 'Movies', 'gimnasiogimnasio', 35);
insert into SERVICIOS (ID, COSTO, DESCRIPCION, NOMBRE, OFERTA) values (36, 35, 'Grocery', 'televisiontelevision', 36);
insert into SERVICIOS (ID, COSTO, DESCRIPCION, NOMBRE, OFERTA) values (37, 63, 'Tools', 'gimnasiointernet', 37);
insert into SERVICIOS (ID, COSTO, DESCRIPCION, NOMBRE, OFERTA) values (38, 98, 'Beauty', 'gimnasiorestaurante', 38);
insert into SERVICIOS (ID, COSTO, DESCRIPCION, NOMBRE, OFERTA) values (39, 23, 'Games', 'gimnasiorestaurante', 39);
insert into SERVICIOS (ID, COSTO, DESCRIPCION, NOMBRE, OFERTA) values (40, 99, 'Clothing', 'gimnasiogimnasio', 40);
insert into SERVICIOS (ID, COSTO, DESCRIPCION, NOMBRE, OFERTA) values (41, 66, 'Clothing', 'gimnasiogimnasio', 41);
insert into SERVICIOS (ID, COSTO, DESCRIPCION, NOMBRE, OFERTA) values (42, 33, 'Kids', 'gimnasiogimnasio', 42);
insert into SERVICIOS (ID, COSTO, DESCRIPCION, NOMBRE, OFERTA) values (43, 52, 'Toys', 'restaurantegimnasio', 43);
insert into SERVICIOS (ID, COSTO, DESCRIPCION, NOMBRE, OFERTA) values (44, 81, 'Outdoors', 'televisionrestaurante', 44);
insert into SERVICIOS (ID, COSTO, DESCRIPCION, NOMBRE, OFERTA) values (45, 76, 'Books', 'gimnasiorestaurante', 45);
insert into SERVICIOS (ID, COSTO, DESCRIPCION, NOMBRE, OFERTA) values (46, 24, 'Electronics', 'televisiongimnasio', 46);
insert into SERVICIOS (ID, COSTO, DESCRIPCION, NOMBRE, OFERTA) values (47, 37, 'Clothing', 'gimnasiogimnasio', 47);
insert into SERVICIOS (ID, COSTO, DESCRIPCION, NOMBRE, OFERTA) values (48, 45, 'Sports', 'restauranterestaurante', 48);
insert into SERVICIOS (ID, COSTO, DESCRIPCION, NOMBRE, OFERTA) values (49, 78, 'Health', 'gimnasiorestaurante', 49);
insert into SERVICIOS (ID, COSTO, DESCRIPCION, NOMBRE, OFERTA) values (50, 89, 'Music', 'gimnasiorestaurante', 50);
insert into SERVICIOS (ID, COSTO, DESCRIPCION, NOMBRE, OFERTA) values (51, 100, 'Automotive', 'restaurantegimnasio', 51);
insert into SERVICIOS (ID, COSTO, DESCRIPCION, NOMBRE, OFERTA) values (52, 31, 'Industrial', 'restauranterestaurante', 52);
insert into SERVICIOS (ID, COSTO, DESCRIPCION, NOMBRE, OFERTA) values (53, 73, 'Books', 'gimnasiorestaurante', 53);
insert into SERVICIOS (ID, COSTO, DESCRIPCION, NOMBRE, OFERTA) values (54, 28, 'Outdoors', 'restaurantegimnasio', 54);
insert into SERVICIOS (ID, COSTO, DESCRIPCION, NOMBRE, OFERTA) values (55, 50, 'Automotive', 'restauranterestaurante', 55);
insert into SERVICIOS (ID, COSTO, DESCRIPCION, NOMBRE, OFERTA) values (56, 59, 'Automotive', 'gimnasiotelevision', 56);
insert into SERVICIOS (ID, COSTO, DESCRIPCION, NOMBRE, OFERTA) values (57, 22, 'Industrial', 'gimnasiogimnasio', 57);
insert into SERVICIOS (ID, COSTO, DESCRIPCION, NOMBRE, OFERTA) values (58, 64, 'Clothing', 'restauranterestaurante', 58);
insert into SERVICIOS (ID, COSTO, DESCRIPCION, NOMBRE, OFERTA) values (59, 41, 'Toys', 'gimnasiotelevision', 59);
insert into SERVICIOS (ID, COSTO, DESCRIPCION, NOMBRE, OFERTA) values (60, 67, 'Tools', 'gimnasiotelevision', 60);
insert into SERVICIOS (ID, COSTO, DESCRIPCION, NOMBRE, OFERTA) values (61, 82, 'Books', 'gimnasiogimnasio', 61);
insert into SERVICIOS (ID, COSTO, DESCRIPCION, NOMBRE, OFERTA) values (62, 26, 'Movies', 'gimnasiointernet', 62);
insert into SERVICIOS (ID, COSTO, DESCRIPCION, NOMBRE, OFERTA) values (63, 67, 'Sports', 'restauranterestaurante', 63);
insert into SERVICIOS (ID, COSTO, DESCRIPCION, NOMBRE, OFERTA) values (64, 62, 'Outdoors', 'gimnasiorestaurante', 64);
insert into SERVICIOS (ID, COSTO, DESCRIPCION, NOMBRE, OFERTA) values (65, 86, 'Kids', 'restaurantegimnasio', 65);
insert into SERVICIOS (ID, COSTO, DESCRIPCION, NOMBRE, OFERTA) values (66, 77, 'Beauty', 'internetinternet', 66);
insert into SERVICIOS (ID, COSTO, DESCRIPCION, NOMBRE, OFERTA) values (67, 84, 'Jewelery', 'gimnasiogimnasio', 67);
insert into SERVICIOS (ID, COSTO, DESCRIPCION, NOMBRE, OFERTA) values (68, 40, 'Clothing', 'televisioninternet', 68);
insert into SERVICIOS (ID, COSTO, DESCRIPCION, NOMBRE, OFERTA) values (69, 33, 'Computers', 'gimnasiointernet', 69);
insert into SERVICIOS (ID, COSTO, DESCRIPCION, NOMBRE, OFERTA) values (70, 87, 'Music', 'restaurantegimnasio', 70);
insert into SERVICIOS (ID, COSTO, DESCRIPCION, NOMBRE, OFERTA) values (71, 49, 'Jewelery', 'gimnasiogimnasio', 71);
insert into SERVICIOS (ID, COSTO, DESCRIPCION, NOMBRE, OFERTA) values (72, 35, 'Beauty', 'restaurantetelevision', 72);
insert into SERVICIOS (ID, COSTO, DESCRIPCION, NOMBRE, OFERTA) values (73, 56, 'Industrial', 'gimnasiorestaurante', 73);
insert into SERVICIOS (ID, COSTO, DESCRIPCION, NOMBRE, OFERTA) values (74, 63, 'Home', 'gimnasiogimnasio', 74);
insert into SERVICIOS (ID, COSTO, DESCRIPCION, NOMBRE, OFERTA) values (75, 49, 'Garden', 'gimnasiogimnasio', 75);
insert into SERVICIOS (ID, COSTO, DESCRIPCION, NOMBRE, OFERTA) values (76, 99, 'Jewelery', 'televisioninternet', 76);
insert into SERVICIOS (ID, COSTO, DESCRIPCION, NOMBRE, OFERTA) values (77, 50, 'Home', 'internettelevision', 77);
insert into SERVICIOS (ID, COSTO, DESCRIPCION, NOMBRE, OFERTA) values (78, 28, 'Shoes', 'internettelevision', 78);
insert into SERVICIOS (ID, COSTO, DESCRIPCION, NOMBRE, OFERTA) values (79, 38, 'Outdoors', 'gimnasiogimnasio', 79);
insert into SERVICIOS (ID, COSTO, DESCRIPCION, NOMBRE, OFERTA) values (80, 51, 'Garden', 'gimnasiogimnasio', 80);
insert into SERVICIOS (ID, COSTO, DESCRIPCION, NOMBRE, OFERTA) values (81, 29, 'Baby', 'gimnasiointernet', 81);
insert into SERVICIOS (ID, COSTO, DESCRIPCION, NOMBRE, OFERTA) values (82, 100, 'Industrial', 'restaurantegimnasio', 82);
insert into SERVICIOS (ID, COSTO, DESCRIPCION, NOMBRE, OFERTA) values (83, 70, 'Garden', 'restaurantegimnasio', 83);
insert into SERVICIOS (ID, COSTO, DESCRIPCION, NOMBRE, OFERTA) values (84, 22, 'Computers', 'restaurantegimnasio', 84);
insert into SERVICIOS (ID, COSTO, DESCRIPCION, NOMBRE, OFERTA) values (85, 55, 'Games', 'restaurantetelevision', 85);
insert into SERVICIOS (ID, COSTO, DESCRIPCION, NOMBRE, OFERTA) values (86, 52, 'Kids', 'gimnasiorestaurante', 86);
insert into SERVICIOS (ID, COSTO, DESCRIPCION, NOMBRE, OFERTA) values (87, 95, 'Clothing', 'gimnasiotelevision', 87);
insert into SERVICIOS (ID, COSTO, DESCRIPCION, NOMBRE, OFERTA) values (88, 52, 'Jewelery', 'restaurantegimnasio', 88);
insert into SERVICIOS (ID, COSTO, DESCRIPCION, NOMBRE, OFERTA) values (89, 44, 'Automotive', 'gimnasiorestaurante', 89);
insert into SERVICIOS (ID, COSTO, DESCRIPCION, NOMBRE, OFERTA) values (90, 84, 'Electronics', 'televisiongimnasio', 90);
insert into SERVICIOS (ID, COSTO, DESCRIPCION, NOMBRE, OFERTA) values (91, 42, 'Kids', 'televisiongimnasio', 91);
insert into SERVICIOS (ID, COSTO, DESCRIPCION, NOMBRE, OFERTA) values (92, 51, 'Games', 'televisiongimnasio', 92);
insert into SERVICIOS (ID, COSTO, DESCRIPCION, NOMBRE, OFERTA) values (93, 40, 'Clothing', 'gimnasiorestaurante', 93);
insert into SERVICIOS (ID, COSTO, DESCRIPCION, NOMBRE, OFERTA) values (94, 38, 'Clothing', 'restauranteinternet', 94);
insert into SERVICIOS (ID, COSTO, DESCRIPCION, NOMBRE, OFERTA) values (95, 83, 'Grocery', 'televisionrestaurante', 95);
insert into SERVICIOS (ID, COSTO, DESCRIPCION, NOMBRE, OFERTA) values (96, 20, 'Electronics', 'internetrestaurante', 96);
insert into SERVICIOS (ID, COSTO, DESCRIPCION, NOMBRE, OFERTA) values (97, 25, 'Outdoors', 'gimnasiointernet', 97);
insert into SERVICIOS (ID, COSTO, DESCRIPCION, NOMBRE, OFERTA) values (98, 86, 'Clothing', 'gimnasiogimnasio', 98);
insert into SERVICIOS (ID, COSTO, DESCRIPCION, NOMBRE, OFERTA) values (99, 91, 'Toys', 'internetinternet', 99);
insert into SERVICIOS (ID, COSTO, DESCRIPCION, NOMBRE, OFERTA) values (100, 70, 'Industrial', 'gimnasiogimnasio', 100);



insert into USUARIOS (ID, CONTRASENIA, LOGIN, CEDULA, EDAD, NOMBRE, TELEFONO, OPERADOR, TIPO) values (1, 'UmyB28', 'cslisby0', '9221216403', 49, 'Cornelius', '262 322 5214', 1, 'responsable');
insert into USUARIOS (ID, CONTRASENIA, LOGIN, CEDULA, EDAD, NOMBRE, TELEFONO, OPERADOR, TIPO) values (2, 'mGiEN1O74FG3', 'bvasyaev1', '0863056261', 65, 'Beverley', '734 594 6933', 2, 'responsable');
insert into USUARIOS (ID, CONTRASENIA, LOGIN, CEDULA, EDAD, NOMBRE, TELEFONO, OPERADOR, TIPO) values (3, 'rS6eAY', 'swarrior2', '9701985540', 42, 'Sax', '319 494 8850', 3, 'responsable');
insert into USUARIOS (ID, CONTRASENIA, LOGIN, CEDULA, EDAD, NOMBRE, TELEFONO, OPERADOR, TIPO) values (4, '5dYOdsBrPYB', 'rtomovic3', '4254973438', 39, 'Rosemonde', '293 490 8962', 4, 'responsable');
insert into USUARIOS (ID, CONTRASENIA, LOGIN, CEDULA, EDAD, NOMBRE, TELEFONO, OPERADOR, TIPO) values (5, 'ddHDyClkzUWb', 'leliff4', '2653412802', 56, 'Lexis', '856 918 0778', 5, 'responsable');
insert into USUARIOS (ID, CONTRASENIA, LOGIN, CEDULA, EDAD, NOMBRE, TELEFONO, OPERADOR, TIPO) values (6, '0PsEvB', 'wsmickle5', '8606399299', 31, 'Wylma', '223 168 7183', 6, 'responsable');
insert into USUARIOS (ID, CONTRASENIA, LOGIN, CEDULA, EDAD, NOMBRE, TELEFONO, OPERADOR, TIPO) values (7, '6QPy7CZwOrsC', 'gbeevers6', '5677821098', 54, 'Garrett', '286 401 7030', 7, 'responsable');
insert into USUARIOS (ID, CONTRASENIA, LOGIN, CEDULA, EDAD, NOMBRE, TELEFONO, OPERADOR, TIPO) values (8, 'vW8E3g', 'abaldi7', '8935740993', 42, 'Aurlie', '317 536 5707', 8, 'responsable');
insert into USUARIOS (ID, CONTRASENIA, LOGIN, CEDULA, EDAD, NOMBRE, TELEFONO, OPERADOR, TIPO) values (9, 'rhncdg6', 'mcremins8', '5811496524', 41, 'Meggie', '261 878 3042', 9, 'responsable');
insert into USUARIOS (ID, CONTRASENIA, LOGIN, CEDULA, EDAD, NOMBRE, TELEFONO, OPERADOR, TIPO) values (10, 'th9dBl6ab', 'nginty9', '1561429821', 23, 'Nevins', '440 507 6913', 10, 'responsable');
insert into USUARIOS (ID, CONTRASENIA, LOGIN, CEDULA, EDAD, NOMBRE, TELEFONO, OPERADOR, TIPO) values (11, 'VSkYspud1', 'ksoutherilla', '7232166583', 31, 'Kameko', '722 723 7093', 11, 'responsable');
insert into USUARIOS (ID, CONTRASENIA, LOGIN, CEDULA, EDAD, NOMBRE, TELEFONO, OPERADOR, TIPO) values (12, 'PYVuu7AQj8', 'ntwinborneb', '9034090930', 69, 'Nickey', '627 252 0709', 12, 'responsable');
insert into USUARIOS (ID, CONTRASENIA, LOGIN, CEDULA, EDAD, NOMBRE, TELEFONO, OPERADOR, TIPO) values (13, 'nhn3KV', 'rbriztmanc', '2986438504', 23, 'Rhonda', '902 430 6188', 13, 'responsable');
insert into USUARIOS (ID, CONTRASENIA, LOGIN, CEDULA, EDAD, NOMBRE, TELEFONO, OPERADOR, TIPO) values (14, 'CosSpi2', 'jsatterleed', '5817838648', 23, 'Jacinda', '190 690 1382', 14, 'responsable');
insert into USUARIOS (ID, CONTRASENIA, LOGIN, CEDULA, EDAD, NOMBRE, TELEFONO, OPERADOR, TIPO) values (15, '9e2Olvha', 'eyukhine', '5456264285', 69, 'Erda', '435 573 1666', 15, 'responsable');
insert into USUARIOS (ID, CONTRASENIA, LOGIN, CEDULA, EDAD, NOMBRE, TELEFONO, OPERADOR, TIPO) values (16, 'DTsc24Tnq', 'lhappertf', '1463692145', 43, 'Lea', '713 645 9567', 16, 'responsable');
insert into USUARIOS (ID, CONTRASENIA, LOGIN, CEDULA, EDAD, NOMBRE, TELEFONO, OPERADOR, TIPO) values (17, 'tsAkenfzAkM', 'adionisettig', '2067499238', 29, 'Alina', '923 444 7094', 17, 'responsable');
insert into USUARIOS (ID, CONTRASENIA, LOGIN, CEDULA, EDAD, NOMBRE, TELEFONO, OPERADOR, TIPO) values (18, 'ILLWRNSpxYLE', 'lmaccaughenh', '8599714643', 61, 'Loralie', '802 859 1857', 18, 'responsable');
insert into USUARIOS (ID, CONTRASENIA, LOGIN, CEDULA, EDAD, NOMBRE, TELEFONO, OPERADOR, TIPO) values (19, 'mg4GjpUoD', 'shardikeri', '0330415077', 49, 'Sollie', '866 508 1810', 19, 'responsable');
insert into USUARIOS (ID, CONTRASENIA, LOGIN, CEDULA, EDAD, NOMBRE, TELEFONO, OPERADOR, TIPO) values (20, 'KGtF05', 'blarcherj', '3092757394', 52, 'Brit', '340 426 8444', 20, 'responsable');
insert into USUARIOS (ID, CONTRASENIA, LOGIN, CEDULA, EDAD, NOMBRE, TELEFONO, OPERADOR, TIPO) values (21, 'vq1sWCAS', 'cgodfrayk', '4073800000', 50, 'Cosme', '941 301 2441', 21, 'responsable');
insert into USUARIOS (ID, CONTRASENIA, LOGIN, CEDULA, EDAD, NOMBRE, TELEFONO, OPERADOR, TIPO) values (22, 'l0ZAdk', 'scrottaghl', '0702732524', 62, 'Sallyanne', '398 657 4547', 22, 'responsable');
insert into USUARIOS (ID, CONTRASENIA, LOGIN, CEDULA, EDAD, NOMBRE, TELEFONO, OPERADOR, TIPO) values (23, 'fT9aN5voz', 'apurvessm', '9641110020', 46, 'Alberta', '417 195 3865', 23, 'responsable');
insert into USUARIOS (ID, CONTRASENIA, LOGIN, CEDULA, EDAD, NOMBRE, TELEFONO, OPERADOR, TIPO) values (24, 'YOUxtJnHGTJ', 'aslatfordn', '3767503123', 54, 'Ashli', '961 391 9326', 24, 'responsable');
insert into USUARIOS (ID, CONTRASENIA, LOGIN, CEDULA, EDAD, NOMBRE, TELEFONO, OPERADOR, TIPO) values (25, 'sCXLEn', 'mgrabbano', '7901947683', 40, 'Marvin', '335 598 2391', 25, 'responsable');
insert into USUARIOS (ID, CONTRASENIA, LOGIN, CEDULA, EDAD, NOMBRE, TELEFONO, OPERADOR, TIPO) values (26, 'GmCzrTiF8GHS', 'emcritchiep', '6543926589', 50, 'Eward', '132 982 6548', 26, 'responsable');
insert into USUARIOS (ID, CONTRASENIA, LOGIN, CEDULA, EDAD, NOMBRE, TELEFONO, OPERADOR, TIPO) values (27, 'nMNiqXKI8', 'cwedgwoodq', '1893608506', 68, 'Chrysler', '342 136 9840', 27, 'responsable');
insert into USUARIOS (ID, CONTRASENIA, LOGIN, CEDULA, EDAD, NOMBRE, TELEFONO, OPERADOR, TIPO) values (28, 'KocPfWmlx', 'khaddlestonr', '3284052836', 25, 'Kin', '225 874 9098', 28, 'responsable');
insert into USUARIOS (ID, CONTRASENIA, LOGIN, CEDULA, EDAD, NOMBRE, TELEFONO, OPERADOR, TIPO) values (29, 'fDSMNemcRKfe', 'jjoists', '9796178354', 49, 'Job', '254 171 7739', 29, 'responsable');
insert into USUARIOS (ID, CONTRASENIA, LOGIN, CEDULA, EDAD, NOMBRE, TELEFONO, OPERADOR, TIPO) values (30, 'j5H5fI', 'etruemant', '3360648943', 39, 'Emili', '618 560 4288', 30, 'responsable');
insert into USUARIOS (ID, CONTRASENIA, LOGIN, CEDULA, EDAD, NOMBRE, TELEFONO, OPERADOR, TIPO) values (31, 'gqG3cddjxm', 'akrikorianu', '9418774208', 26, 'Anthe', '522 357 8708', 31, 'responsable');
insert into USUARIOS (ID, CONTRASENIA, LOGIN, CEDULA, EDAD, NOMBRE, TELEFONO, OPERADOR, TIPO) values (32, '6RCavBBNYAa', 'jstalleyv', '3863749073', 70, 'Jessey', '324 708 4144', 32, 'responsable');
insert into USUARIOS (ID, CONTRASENIA, LOGIN, CEDULA, EDAD, NOMBRE, TELEFONO, OPERADOR, TIPO) values (33, 'NCOUuDennqSL', 'atewkesburyw', '4083305932', 67, 'Audie', '907 353 9129', 33, 'responsable');
insert into USUARIOS (ID, CONTRASENIA, LOGIN, CEDULA, EDAD, NOMBRE, TELEFONO, OPERADOR, TIPO) values (34, '5Ervep', 'euridgex', '9743329706', 41, 'Emalia', '224 370 1527', 34, 'responsable');
insert into USUARIOS (ID, CONTRASENIA, LOGIN, CEDULA, EDAD, NOMBRE, TELEFONO, OPERADOR, TIPO) values (35, 'UB4aItfQq', 'cschouthedey', '3004835169', 21, 'Cross', '485 261 7352', 35, 'responsable');
insert into USUARIOS (ID, CONTRASENIA, LOGIN, CEDULA, EDAD, NOMBRE, TELEFONO, OPERADOR, TIPO) values (36, '2BeCf1ETWo8', 'wmeekinsz', '6946909062', 22, 'Wynnie', '616 492 8500', 36, 'responsable');
insert into USUARIOS (ID, CONTRASENIA, LOGIN, CEDULA, EDAD, NOMBRE, TELEFONO, OPERADOR, TIPO) values (37, 'k1wUuFnfhl5', 'eabramovitz10', '7973942335', 29, 'Emilia', '229 409 1564', 37, 'responsable');
insert into USUARIOS (ID, CONTRASENIA, LOGIN, CEDULA, EDAD, NOMBRE, TELEFONO, OPERADOR, TIPO) values (38, 'NLrSmY5BB', 'clenoir11', '5293349228', 38, 'Claudetta', '605 258 3398', 38, 'responsable');
insert into USUARIOS (ID, CONTRASENIA, LOGIN, CEDULA, EDAD, NOMBRE, TELEFONO, OPERADOR, TIPO) values (39, 'I45SIN', 'cdwelley12', '7376357459', 21, 'Chrissy', '503 269 2999', 39, 'responsable');
insert into USUARIOS (ID, CONTRASENIA, LOGIN, CEDULA, EDAD, NOMBRE, TELEFONO, OPERADOR, TIPO) values (40, 'dekHcVW', 'aoblein13', '0489556515', 28, 'Ailina', '295 319 8457', 40, 'responsable');ins



insert into USUARIOS (ID, CONTRASENIA, LOGIN, CEDULA, EDAD, NOMBRE, TELEFONO, OPERADOR, TIPO) values (41, 'ruVeyqaRKP7', 'smontel0', '6055137321', 40, 'Selby', '812 204 1469', null, 'cliente');
insert into USUARIOS (ID, CONTRASENIA, LOGIN, CEDULA, EDAD, NOMBRE, TELEFONO, OPERADOR, TIPO) values (42, 'qg0PKYQ', 'aperkin1', '7188854211', 70, 'Ardene', '111 246 0329', null, 'cliente');
insert into USUARIOS (ID, CONTRASENIA, LOGIN, CEDULA, EDAD, NOMBRE, TELEFONO, OPERADOR, TIPO) values (43, 'xJ6Yr1daN', 'mlegges2', '3446318879', 33, 'Miller', '873 130 9744', null, 'cliente');
insert into USUARIOS (ID, CONTRASENIA, LOGIN, CEDULA, EDAD, NOMBRE, TELEFONO, OPERADOR, TIPO) values (44, 'MfQKEA', 'ajeffels3', '6884910054', 62, 'Aube', '903 756 5530', null, 'cliente');
insert into USUARIOS (ID, CONTRASENIA, LOGIN, CEDULA, EDAD, NOMBRE, TELEFONO, OPERADOR, TIPO) values (45, 'QnJS98qeQN', 'kmarians4', '5044671320', 37, 'Keene', '828 577 5180', null, 'cliente');
insert into USUARIOS (ID, CONTRASENIA, LOGIN, CEDULA, EDAD, NOMBRE, TELEFONO, OPERADOR, TIPO) values (46, 'Qo51S4vO', 'jgostall5', '3172475077', 37, 'Janith', '290 327 2852', null, 'cliente');
insert into USUARIOS (ID, CONTRASENIA, LOGIN, CEDULA, EDAD, NOMBRE, TELEFONO, OPERADOR, TIPO) values (47, 'q4W1Mg7TegsY', 'mcasburn6', '5414854793', 67, 'Marne', '797 501 1259', null, 'cliente');
insert into USUARIOS (ID, CONTRASENIA, LOGIN, CEDULA, EDAD, NOMBRE, TELEFONO, OPERADOR, TIPO) values (48, 'N6YRjuQvT65u', 'echeesley7', '4308646987', 47, 'Erhart', '980 599 8552', null, 'cliente');
insert into USUARIOS (ID, CONTRASENIA, LOGIN, CEDULA, EDAD, NOMBRE, TELEFONO, OPERADOR, TIPO) values (49, 'KmAhphvs2Vll', 'mvern8', '4555100670', 46, 'Melodie', '132 804 0030', null, 'cliente');
insert into USUARIOS (ID, CONTRASENIA, LOGIN, CEDULA, EDAD, NOMBRE, TELEFONO, OPERADOR, TIPO) values (50, 'woMLAwI8Tq', 'mpetheridge9', '5007987786', 58, 'Mahala', '173 512 8630', null, 'cliente');
insert into USUARIOS (ID, CONTRASENIA, LOGIN, CEDULA, EDAD, NOMBRE, TELEFONO, OPERADOR, TIPO) values (51, 'PnKZIzaNOe', 'unovika', '4003997603', 58, 'Ulysses', '930 964 9235', null, 'cliente');
insert into USUARIOS (ID, CONTRASENIA, LOGIN, CEDULA, EDAD, NOMBRE, TELEFONO, OPERADOR, TIPO) values (52, 'nkCl0y', 'jtillmanb', '2871799849', 21, 'Jamil', '771 549 9175', null, 'cliente');
insert into USUARIOS (ID, CONTRASENIA, LOGIN, CEDULA, EDAD, NOMBRE, TELEFONO, OPERADOR, TIPO) values (53, '5LIXwXeAu', 'agarroodc', '8365961245', 59, 'Auria', '963 264 9602', null, 'cliente');
insert into USUARIOS (ID, CONTRASENIA, LOGIN, CEDULA, EDAD, NOMBRE, TELEFONO, OPERADOR, TIPO) values (54, 'O2aFPTJJgeJi', 'fzanottid', '5362240609', 58, 'Fanny', '693 487 5408', null, 'cliente');
insert into USUARIOS (ID, CONTRASENIA, LOGIN, CEDULA, EDAD, NOMBRE, TELEFONO, OPERADOR, TIPO) values (55, 'YAV9CmBW', 'ihuebnere', '3409706380', 59, 'Isabeau', '938 823 9132', null, 'cliente');
insert into USUARIOS (ID, CONTRASENIA, LOGIN, CEDULA, EDAD, NOMBRE, TELEFONO, OPERADOR, TIPO) values (56, 'd0uQp5dv', 'bbeatensf', '3303356890', 67, 'Birgitta', '808 487 1496', null, 'cliente');
insert into USUARIOS (ID, CONTRASENIA, LOGIN, CEDULA, EDAD, NOMBRE, TELEFONO, OPERADOR, TIPO) values (57, 'kSI9jvXK', 'dnoyeg', '1856008231', 23, 'Dani', '934 998 0572', null, 'cliente');
insert into USUARIOS (ID, CONTRASENIA, LOGIN, CEDULA, EDAD, NOMBRE, TELEFONO, OPERADOR, TIPO) values (58, 'i6XMANBwMex', 'gbalmh', '5887425865', 50, 'Garret', '551 679 5160', null, 'cliente');
insert into USUARIOS (ID, CONTRASENIA, LOGIN, CEDULA, EDAD, NOMBRE, TELEFONO, OPERADOR, TIPO) values (59, '5FxJtOf', 'crobinsoni', '5054656286', 67, 'Celia', '455 670 3486', null, 'cliente');
insert into USUARIOS (ID, CONTRASENIA, LOGIN, CEDULA, EDAD, NOMBRE, TELEFONO, OPERADOR, TIPO) values (60, 'Xx0sU7OO90', 'jdenkelj', '4556360145', 39, 'Jude', '863 623 6500', null, 'cliente');
insert into USUARIOS (ID, CONTRASENIA, LOGIN, CEDULA, EDAD, NOMBRE, TELEFONO, OPERADOR, TIPO) values (61, 'ROLYdy', 'wfudgek', '0639690777', 68, 'Winfield', '904 999 0265', null, 'cliente');
insert into USUARIOS (ID, CONTRASENIA, LOGIN, CEDULA, EDAD, NOMBRE, TELEFONO, OPERADOR, TIPO) values (62, 'KWqjeIuu', 'gdecruzel', '1089009933', 61, 'Georges', '304 929 9381', null, 'cliente');
insert into USUARIOS (ID, CONTRASENIA, LOGIN, CEDULA, EDAD, NOMBRE, TELEFONO, OPERADOR, TIPO) values (63, 'MaXMefMYEn', 'ahammonm', '1425021360', 21, 'Ashlie', '356 482 6693', null, 'cliente');
insert into USUARIOS (ID, CONTRASENIA, LOGIN, CEDULA, EDAD, NOMBRE, TELEFONO, OPERADOR, TIPO) values (64, 'CkrMfpQnTG', 'gchristauffourn', '6139044529', 21, 'Gerhard', '642 604 6782', null, 'cliente');
insert into USUARIOS (ID, CONTRASENIA, LOGIN, CEDULA, EDAD, NOMBRE, TELEFONO, OPERADOR, TIPO) values (65, 'Huqdd5u', 'tmcwhinnieo', '8352597779', 26, 'Tiertza', '748 510 0665', null, 'cliente');
insert into USUARIOS (ID, CONTRASENIA, LOGIN, CEDULA, EDAD, NOMBRE, TELEFONO, OPERADOR, TIPO) values (66, 'YBJUawzGK', 'kdarrigop', '2134046813', 23, 'Kimberlyn', '321 422 4608', null, 'cliente');
insert into USUARIOS (ID, CONTRASENIA, LOGIN, CEDULA, EDAD, NOMBRE, TELEFONO, OPERADOR, TIPO) values (67, 'KtCs0Pxogj2', 'lsimmenq', '4749779628', 57, 'Lin', '244 276 6862', null, 'cliente');
insert into USUARIOS (ID, CONTRASENIA, LOGIN, CEDULA, EDAD, NOMBRE, TELEFONO, OPERADOR, TIPO) values (68, '6VrsBQRK5y', 'qmaryr', '1923751115', 58, 'Quinlan', '443 262 7870', null, 'cliente');
insert into USUARIOS (ID, CONTRASENIA, LOGIN, CEDULA, EDAD, NOMBRE, TELEFONO, OPERADOR, TIPO) values (69, 'AqXrJf8BoW', 'gabletts', '1526751291', 60, 'Gretchen', '200 480 7892', null, 'cliente');
insert into USUARIOS (ID, CONTRASENIA, LOGIN, CEDULA, EDAD, NOMBRE, TELEFONO, OPERADOR, TIPO) values (70, 'M3oU3W', 'aorist', '4498649001', 26, 'Antoine', '195 766 6999', null, 'cliente');
insert into USUARIOS (ID, CONTRASENIA, LOGIN, CEDULA, EDAD, NOMBRE, TELEFONO, OPERADOR, TIPO) values (71, 'uTk81a8sa', 'svazquezu', '9373673238', 48, 'Sheilakathryn', '156 315 3065', null, 'cliente');
insert into USUARIOS (ID, CONTRASENIA, LOGIN, CEDULA, EDAD, NOMBRE, TELEFONO, OPERADOR, TIPO) values (72, 'fj70vtj', 'ttignerv', '7710485723', 58, 'Terrye', '325 548 6665', null, 'cliente');
insert into USUARIOS (ID, CONTRASENIA, LOGIN, CEDULA, EDAD, NOMBRE, TELEFONO, OPERADOR, TIPO) values (73, 'FVmhgdD55W4', 'lcastanonew', '3918421341', 33, 'Lanna', '252 942 7911', null, 'cliente');
insert into USUARIOS (ID, CONTRASENIA, LOGIN, CEDULA, EDAD, NOMBRE, TELEFONO, OPERADOR, TIPO) values (74, 'q1KTCrvw0D7', 'akingdomx', '9922110105', 58, 'Ade', '148 233 4039', null, 'cliente');
insert into USUARIOS (ID, CONTRASENIA, LOGIN, CEDULA, EDAD, NOMBRE, TELEFONO, OPERADOR, TIPO) values (75, 'P31MiJ', 'cclaypooley', '2467894746', 30, 'Corey', '935 887 3513', null, 'cliente');
insert into USUARIOS (ID, CONTRASENIA, LOGIN, CEDULA, EDAD, NOMBRE, TELEFONO, OPERADOR, TIPO) values (76, '165nzvDk', 'mfianderz', '3883725676', 39, 'Myrle', '129 232 4505', null, 'cliente');
insert into USUARIOS (ID, CONTRASENIA, LOGIN, CEDULA, EDAD, NOMBRE, TELEFONO, OPERADOR, TIPO) values (77, 'kukgsikfqF2f', 'mkinny10', '1285406133', 54, 'Maximo', '785 883 3131', null, 'cliente');
insert into USUARIOS (ID, CONTRASENIA, LOGIN, CEDULA, EDAD, NOMBRE, TELEFONO, OPERADOR, TIPO) values (78, 'X6gQhyMY', 'hwathell11', '6057467485', 67, 'Hamilton', '651 366 5947', null, 'cliente');
insert into USUARIOS (ID, CONTRASENIA, LOGIN, CEDULA, EDAD, NOMBRE, TELEFONO, OPERADOR, TIPO) values (79, 'ACfrO3', 'khousby12', '6142904118', 29, 'Krystle', '829 114 0695', null, 'cliente');
